,기준_년_코드,기준_분기_코드,상권코드,폐업률
0,2019,4,1000001,0.91324200913242
1,2019,4,1000002,0.8403361344537815
2,2019,4,1000003,2.341137123745819
3,2019,4,1000004,3.614457831325301
4,2019,4,1000005,1.5151515151515151
5,2019,4,1000006,4.054054054054054
6,2019,4,1000007,0.9345794392523363
7,2019,4,1000008,1.2195121951219512
8,2019,4,1000009,3.0534351145038165
9,2019,4,1000010,3.6764705882352944
10,2019,4,1000011,4.032258064516129
11,2019,4,1000012,4.225352112676056
12,2019,4,1000013,1.36986301369863
13,2019,4,1000014,0.0
14,2019,4,1000015,1.4084507042253522
15,2019,4,1000016,2.380952380952381
16,2019,4,1000017,0.4885993485342019
17,2019,4,1000018,3.6036036036036037
18,2019,4,1000019,5.1020408163265305
19,2019,4,1000020,5.769230769230769
20,2019,4,1000021,0.0
21,2019,4,1000022,5.633802816901409
22,2019,4,1000023,0.0
23,2019,4,1000024,6.25
24,2019,4,1000025,2.857142857142857
25,2019,4,1000026,0.0
26,2019,4,1000027,3.3333333333333335
27,2019,4,1000028,1.8518518518518516
28,2019,4,1000029,1.5873015873015872
29,2019,4,1000030,0.5952380952380952
30,2019,4,1000031,0.819672131147541
31,2019,4,1000032,1.7543859649122806
32,2019,4,1000033,4.166666666666666
33,2019,4,1000034,0.9708737864077669
34,2019,4,1000035,1.8018018018018018
35,2019,4,1000036,0.0
36,2019,4,1000037,3.0303030303030303
37,2019,4,1000038,2.3529411764705883
38,2019,4,1000039,0.4444444444444444
39,2019,4,1000040,1.282051282051282
40,2019,4,1000041,4.716981132075472
41,2019,4,1000042,1.8633540372670807
42,2019,4,1000043,2.3255813953488373
43,2019,4,1000044,2.127659574468085
44,2019,4,1000045,0.7246376811594203
45,2019,4,1000046,3.7593984962406015
46,2019,4,1000047,2.9940119760479043
47,2019,4,1000048,2.272727272727273
48,2019,4,1000049,2.73972602739726
49,2019,4,1000050,0.0
50,2019,4,1000051,0.6060606060606061
51,2019,4,1000052,2.247191011235955
52,2019,4,1000053,5.6000000000000005
53,2019,4,1000054,6.422018348623854
54,2019,4,1000055,2.7522935779816518
55,2019,4,1000056,3.3057851239669422
56,2019,4,1000057,0.5649717514124294
57,2019,4,1000058,2.8368794326241136
58,2019,4,1000059,3.7037037037037033
59,2019,4,1000060,1.7857142857142856
60,2019,4,1000061,2.6785714285714284
61,2019,4,1000062,3.968253968253968
62,2019,4,1000063,4.62962962962963
63,2019,4,1000064,3.9215686274509802
64,2019,4,1000065,1.4388489208633095
65,2019,4,1000066,0.8849557522123894
66,2019,4,1000067,0.6097560975609756
67,2019,4,1000068,2.515723270440252
68,2019,4,1000069,1.0309278350515463
69,2019,4,1000070,2.941176470588235
70,2019,4,1000071,2.26537216828479
71,2019,4,1000072,3.571428571428571
72,2019,4,1000073,5.221932114882506
73,2019,4,1000074,1.9607843137254901
74,2019,4,1000075,3.278688524590164
75,2019,4,1000076,2.941176470588235
76,2019,4,1000077,3.286384976525822
77,2019,4,1000078,2.564102564102564
78,2019,4,1000079,0.911854103343465
79,2019,4,1000080,1.5463917525773196
80,2019,4,1000081,3.35195530726257
81,2019,4,1000082,6.9306930693069315
82,2019,4,1000083,0.0
83,2019,4,1000084,1.3986013986013985
84,2019,4,1000085,2.0618556701030926
85,2019,4,1000086,5.217391304347826
86,2019,4,1000087,2.7777777777777777
87,2019,4,1000088,2.797202797202797
88,2019,4,1000089,4.166666666666666
89,2019,4,1000090,3.260869565217391
90,2019,4,1000091,2.8089887640449436
91,2019,4,1000092,3.4782608695652173
92,2019,4,1000093,0.0
93,2019,4,1000094,1.935483870967742
94,2019,4,1000095,2.73972602739726
95,2019,4,1000096,3.1746031746031744
96,2019,4,1000097,3.488372093023256
97,2019,4,1000098,3.7593984962406015
98,2019,4,1000099,2.185792349726776
99,2019,4,1000100,3.3112582781456954
100,2019,4,1000101,0.0
101,2019,4,1000102,0.0
102,2019,4,1000103,0.0
103,2019,4,1000104,4.975124378109453
104,2019,4,1000105,2.604166666666667
105,2019,4,1000106,3.8834951456310676
106,2019,4,1000107,2.3952095808383236
107,2019,4,1000108,5.670103092783505
108,2019,4,1000109,4.022988505747127
109,2019,4,1000110,1.937984496124031
110,2019,4,1000111,8.333333333333332
111,2019,4,1000112,3.2432432432432434
112,2019,4,1000113,1.984126984126984
113,2019,4,1000114,3.2432432432432434
114,2019,4,1000115,3.508771929824561
115,2019,4,1000116,3.763440860215054
116,2019,4,1000117,3.296703296703297
117,2019,4,1000118,3.873239436619718
118,2019,4,1000119,1.5267175572519083
119,2019,4,1000120,3.050847457627119
120,2019,4,1000121,3.7914691943127963
121,2019,4,1000122,6.451612903225806
122,2019,4,1000123,2.7237354085603114
123,2019,4,1000124,1.2345679012345678
124,2019,4,1000125,2.5806451612903225
125,2019,4,1000126,0.9345794392523363
126,2019,4,1000127,5.454545454545454
127,2019,4,1000128,7.563025210084033
128,2019,4,1000129,3.875968992248062
129,2019,4,1000130,0.0
130,2019,4,1000131,2.7777777777777777
131,2019,4,1000132,3.3557046979865772
132,2019,4,1000133,2.7777777777777777
133,2019,4,1000134,2.7777777777777777
134,2019,4,1000135,2.586206896551724
135,2019,4,1000136,3.211009174311927
136,2019,4,1000137,2.955665024630542
137,2019,4,1000138,4.580152671755725
138,2019,4,1000139,2.7624309392265194
139,2019,4,1000140,1.3793103448275863
140,2019,4,1000141,3.5398230088495577
141,2019,4,1000142,3.8834951456310676
142,2019,4,1000143,2.7027027027027026
143,2019,4,1000144,10.416666666666668
144,2019,4,1000145,1.0638297872340425
145,2019,4,1000146,1.3605442176870748
146,2019,4,1000147,2.127659574468085
147,2019,4,1000148,3.6269430051813467
148,2019,4,1000149,3.0
149,2019,4,1000150,2.7586206896551726
150,2019,4,1000151,2.1739130434782608
151,2019,4,1000152,2.7027027027027026
152,2019,4,1000153,1.8518518518518516
153,2019,4,1000154,1.1428571428571428
154,2019,4,1000155,0.0
155,2019,4,1000156,2.1367521367521367
156,2019,4,1000157,0.0
157,2019,4,1000158,3.9215686274509802
158,2019,4,1000159,4.72972972972973
159,2019,4,1000160,2.9629629629629632
160,2019,4,1000161,4.0
161,2019,4,1000162,3.4782608695652173
162,2019,4,1000163,2.7777777777777777
163,2019,4,1000164,2.6548672566371683
164,2019,4,1000165,3.902439024390244
165,2019,4,1000166,2.13903743315508
166,2019,4,1000167,4.9504950495049505
167,2019,4,1000168,8.045977011494253
168,2019,4,1000169,2.054794520547945
169,2019,4,1000170,3.1578947368421053
170,2019,4,1000171,5.434782608695652
171,2019,4,1000172,4.3478260869565215
172,2019,4,1000173,2.272727272727273
173,2019,4,1000174,0.0
174,2019,4,1000175,3.067484662576687
175,2019,4,1000176,2.9268292682926833
176,2019,4,1000177,4.145077720207254
177,2019,4,1000178,4.424778761061947
178,2019,4,1000179,0.0
179,2019,4,1000180,4.201680672268908
180,2019,4,1000181,2.0
181,2019,4,1000182,1.4084507042253522
182,2019,4,1000183,2.5974025974025974
183,2019,4,1000184,1.910828025477707
184,2019,4,1000185,0.7462686567164178
185,2019,4,1000186,4.838709677419355
186,2019,4,1000187,0.0
187,2019,4,1000188,3.0
188,2019,4,1000189,3.5000000000000004
189,2019,4,1000190,2.1739130434782608
190,2019,4,1000191,2.941176470588235
191,2019,4,1000192,1.4388489208633095
192,2019,4,1000193,4.9079754601226995
193,2019,4,1000194,0.0
194,2019,4,1000195,2.1505376344086025
195,2019,4,1000196,3.6764705882352944
196,2019,4,1000197,5.4945054945054945
197,2019,4,1000198,4.37956204379562
198,2019,4,1000199,5.319148936170213
199,2019,4,1000200,0.0
200,2019,4,1000201,2.3474178403755865
201,2019,4,1000202,4.385964912280701
202,2019,4,1000203,3.389830508474576
203,2019,4,1000204,7.43801652892562
204,2019,4,1000205,1.935483870967742
205,2019,4,1000206,1.4285714285714286
206,2019,4,1000207,0.8403361344537815
207,2019,4,1000208,8.47457627118644
208,2019,4,1000209,0.0
209,2019,4,1000210,2.312138728323699
210,2019,4,1000211,2.631578947368421
211,2019,4,1000212,0.8928571428571428
212,2019,4,1000213,0.6097560975609756
213,2019,4,1000214,5.314009661835748
214,2019,4,1000215,7.6923076923076925
215,2019,4,1000216,2.0408163265306123
216,2019,4,1000217,3.0303030303030303
217,2019,4,1000218,4.545454545454546
218,2019,4,1000219,2.0
219,2019,4,1000220,4.291845493562231
220,2019,4,1000221,9.62962962962963
221,2019,4,1000222,0.7042253521126761
222,2019,4,1000223,4.716981132075472
223,2019,4,1000224,4.545454545454546
224,2019,4,1000225,4.25531914893617
225,2019,4,1000226,5.780346820809249
226,2019,4,1000227,2.3529411764705883
227,2019,4,1000228,1.6528925619834711
228,2019,4,1000229,2.0491803278688523
229,2019,4,1000230,4.25531914893617
230,2019,4,1000231,4.926108374384237
231,2019,4,1000232,2.7777777777777777
232,2019,4,1000233,4.0
233,2019,4,1000234,5.05050505050505
234,2019,4,1000235,2.3529411764705883
235,2019,4,1000236,2.4096385542168677
236,2019,4,1000237,3.3457249070631967
237,2019,4,1000238,4.411764705882353
238,2019,4,1000239,3.1746031746031744
239,2019,4,1000240,4.225352112676056
240,2019,4,1000241,3.6585365853658534
241,2019,4,1000242,2.7027027027027026
242,2019,4,1000243,0.9009009009009009
243,2019,4,1000244,2.5316455696202533
244,2019,4,1000245,1.8867924528301887
245,2019,4,1000246,3.5398230088495577
246,2019,4,1000247,2.73972602739726
247,2019,4,1000248,2.547770700636943
248,2019,4,1000249,6.077348066298343
249,2019,4,1000250,4.444444444444445
250,2019,4,1000251,5.691056910569105
251,2019,4,1000252,5.39568345323741
252,2019,4,1000253,1.0
253,2019,4,1000254,1.1494252873563218
254,2019,4,1000255,2.2988505747126435
255,2019,4,1000256,1.9047619047619049
256,2019,4,1000257,3.3707865168539324
257,2019,4,1000258,1.1235955056179776
258,2019,4,1000259,2.6548672566371683
259,2019,4,1000260,8.552631578947368
260,2019,4,1000261,5.797101449275362
261,2019,4,1000262,1.5151515151515151
262,2019,4,1000263,2.803738317757009
263,2019,4,1000264,1.5151515151515151
264,2019,4,1000265,1.2987012987012987
265,2019,4,1000266,3.260869565217391
266,2019,4,1000267,4.3478260869565215
267,2019,4,1000268,3.389830508474576
268,2019,4,1000269,0.0
269,2019,4,1000270,1.8633540372670807
270,2019,4,1000271,4.0
271,2019,4,1000272,2.0408163265306123
272,2019,4,1000273,2.459016393442623
273,2019,4,1000274,3.4482758620689653
274,2019,4,1000275,2.0
275,2019,4,1000276,0.5235602094240838
276,2019,4,1000277,2.197802197802198
277,2019,4,1000278,9.392265193370166
278,2019,4,1000279,22.5
279,2019,4,1000280,12.5
280,2019,4,1000281,7.526881720430108
281,2019,4,1000282,3.4482758620689653
282,2019,4,1000283,0.0
283,2019,4,1000284,1.3043478260869565
284,2019,4,1000285,1.1235955056179776
285,2019,4,1000286,6.106870229007633
286,2019,4,1000287,2.803738317757009
287,2019,4,1000288,4.032258064516129
288,2019,4,1000289,6.153846153846154
289,2019,4,1000290,4.624277456647398
290,2019,4,1000291,9.67741935483871
291,2019,4,1000292,6.532663316582915
292,2019,4,1000293,1.4925373134328357
293,2019,4,1000294,3.205128205128205
294,2019,4,1000295,3.4482758620689653
295,2019,4,1000296,2.083333333333333
296,2019,4,1000297,2.247191011235955
297,2019,4,1000298,4.10958904109589
298,2019,4,1000299,2.857142857142857
299,2019,4,1000300,1.1111111111111112
300,2019,4,1000301,3.3333333333333335
301,2019,4,1000302,3.225806451612903
302,2019,4,1000303,1.6528925619834711
303,2019,4,1000304,0.0
304,2019,4,1000305,3.968253968253968
305,2019,4,1000306,3.4090909090909087
306,2019,4,1000307,4.166666666666666
307,2019,4,1000308,0.8928571428571428
308,2019,4,1000309,2.7522935779816518
309,2019,4,1000310,8.791208791208792
310,2019,4,1000311,2.4096385542168677
311,2019,4,1000312,4.166666666666666
312,2019,4,1000313,0.0
313,2019,4,1000314,2.564102564102564
314,2019,4,1000315,4.516129032258064
315,2019,4,1000316,6.0606060606060606
316,2019,4,1000317,4.285714285714286
317,2019,4,1000318,2.7777777777777777
318,2019,4,1000319,0.9900990099009901
319,2019,4,1000320,4.040404040404041
320,2019,4,1000321,4.3478260869565215
321,2019,4,1000322,2.4875621890547266
322,2019,4,1000323,3.571428571428571
323,2019,4,1000324,5.47945205479452
324,2019,4,1000325,6.25
325,2019,4,1000326,10.526315789473683
326,2019,4,1000327,2.6785714285714284
327,2019,4,1000328,10.714285714285714
328,2019,4,1000329,0.0
329,2019,4,1000330,8.108108108108109
330,2019,4,1000331,3.968253968253968
331,2019,4,1000332,0.0
332,2019,4,1000333,5.405405405405405
333,2019,4,1000334,2.73972602739726
334,2019,4,1000335,2.803738317757009
335,2019,4,1000336,6.363636363636363
336,2019,4,1000337,3.937007874015748
337,2019,4,1000338,2.515723270440252
338,2019,4,1000339,3.7037037037037033
339,2019,4,1000340,6.9306930693069315
340,2019,4,1000341,5.0
341,2019,4,1000342,4.3478260869565215
342,2019,4,1000343,4.705882352941177
343,2019,4,1000344,1.4492753623188406
344,2019,4,1000345,1.8518518518518516
345,2019,4,1000346,3.061224489795918
346,2019,4,1000347,2.0408163265306123
347,2019,4,1000348,6.0606060606060606
348,2019,4,1000349,2.843601895734597
349,2019,4,1000350,8.433734939759036
350,2019,4,1000351,2.013422818791946
351,2019,4,1000352,2.9850746268656714
352,2019,4,1000353,3.0303030303030303
353,2019,4,1000354,4.301075268817205
354,2019,4,1000355,2.7027027027027026
355,2019,4,1000356,4.716981132075472
356,2019,4,1000357,4.651162790697675
357,2019,4,1000358,2.564102564102564
358,2019,4,1000359,3.0120481927710845
359,2019,4,1000360,3.205128205128205
360,2019,4,1000361,0.8130081300813009
361,2019,4,1000362,5.472636815920398
362,2019,4,1000363,2.898550724637681
363,2019,4,1000364,9.333333333333334
364,2019,4,1000365,3.8461538461538463
365,2019,4,1000366,3.278688524590164
366,2019,4,1000367,5.263157894736842
367,2019,4,1000368,1.0638297872340425
368,2019,4,1000369,7.368421052631578
369,2019,4,1000370,4.545454545454546
370,2019,4,1000371,2.9702970297029703
371,2019,4,1000372,4.320987654320987
372,2019,4,1000373,4.0650406504065035
373,2019,4,1000374,3.4013605442176873
374,2019,4,1000375,3.8461538461538463
375,2019,4,1000376,0.0
376,2019,4,1000377,4.225352112676056
377,2019,4,1000378,3.1578947368421053
378,2019,4,1000379,4.66321243523316
379,2019,4,1000380,4.979253112033195
380,2019,4,1000381,5.172413793103448
381,2019,4,1000382,2.5974025974025974
382,2019,4,1000383,3.7735849056603774
383,2019,4,1000384,5.208333333333334
384,2019,4,1000385,3.65296803652968
385,2019,4,1000386,5.246913580246913
386,2019,4,1000387,9.090909090909092
387,2019,4,1000388,7.518796992481203
388,2019,4,1000389,2.459016393442623
389,2019,4,1000390,2.4390243902439024
390,2019,4,1000391,3.4482758620689653
391,2019,4,1000392,1.3513513513513513
392,2019,4,1000393,6.1946902654867255
393,2019,4,1000394,0.7299270072992701
394,2019,4,1000395,1.1904761904761905
395,2019,4,1000396,7.526881720430108
396,2019,4,1000397,3.571428571428571
397,2019,4,1000398,2.380952380952381
398,2019,4,1000399,2.857142857142857
399,2019,4,1000400,2.3255813953488373
400,2019,4,1000401,4.891304347826087
401,2019,4,1000402,3.9408866995073892
402,2019,4,1000403,3.3057851239669422
403,2019,4,1000404,3.1645569620253164
404,2019,4,1000405,3.0
405,2019,4,1000406,7.547169811320755
406,2019,4,1000407,0.0
407,2019,4,1000408,4.23728813559322
408,2019,4,1000409,4.761904761904762
409,2019,4,1000410,1.0869565217391304
410,2019,4,1000411,4.929577464788732
411,2019,4,1000412,2.631578947368421
412,2019,4,1000413,3.050847457627119
413,2019,4,1000414,1.639344262295082
414,2019,4,1000415,1.4184397163120568
415,2019,4,1000416,1.4925373134328357
416,2019,4,1000417,5.0
417,2019,4,1000418,7.59493670886076
418,2019,4,1000419,1.9047619047619049
419,2019,4,1000420,4.615384615384616
420,2019,4,1000421,4.3478260869565215
421,2019,4,1000422,1.7699115044247788
422,2019,4,1000423,2.898550724637681
423,2019,4,1000424,3.614457831325301
424,2019,4,1000425,3.9735099337748347
425,2019,4,1000426,1.1363636363636365
426,2019,4,1000427,4.0
427,2019,4,1000428,1.8181818181818181
428,2019,4,1000429,1.5873015873015872
429,2019,4,1000430,3.864734299516908
430,2019,4,1000431,6.25
431,2019,4,1000432,2.5
432,2019,4,1000433,2.1621621621621623
433,2019,4,1000434,2.0408163265306123
434,2019,4,1000435,1.3793103448275863
435,2019,4,1000436,2.5316455696202533
436,2019,4,1000437,1.5384615384615385
437,2019,4,1000438,1.092896174863388
438,2019,4,1000439,3.296703296703297
439,2019,4,1000440,2.1367521367521367
440,2019,4,1000441,2.051282051282051
441,2019,4,1000442,3.804347826086957
442,2019,4,1000443,5.0
443,2019,4,1000444,0.9345794392523363
444,2019,4,1000445,4.411764705882353
445,2019,4,1000446,3.0534351145038165
446,2019,4,1000447,2.405498281786942
447,2019,4,1000448,1.4492753623188406
448,2019,4,1000449,3.942652329749104
449,2019,4,1000450,2.272727272727273
450,2019,4,1000451,3.571428571428571
451,2019,4,1000452,1.36986301369863
452,2019,4,1000453,0.0
453,2019,4,1000454,1.3513513513513513
454,2019,4,1000455,3.260869565217391
455,2019,4,1000456,3.571428571428571
456,2019,4,1000457,1.8181818181818181
457,2019,4,1000458,0.7246376811594203
458,2019,4,1000459,6.363636363636363
459,2019,4,1000460,1.2903225806451613
460,2019,4,1000461,3.6585365853658534
461,2019,4,1000462,3.4965034965034967
462,2019,4,1000463,1.2048192771084338
463,2019,4,1000464,3.0534351145038165
464,2019,4,1000465,1.3605442176870748
465,2019,4,1000466,3.6764705882352944
466,2019,4,1000467,1.646090534979424
467,2019,4,1000468,4.8
468,2019,4,1000469,2.3738872403560833
469,2019,4,1000470,4.607046070460704
470,2019,4,1000471,3.0303030303030303
471,2019,4,1000472,1.8181818181818181
472,2019,4,1000473,2.727272727272727
473,2019,4,1000474,2.197802197802198
474,2019,4,1000475,2.4096385542168677
475,2019,4,1000476,3.125
476,2019,4,1000477,3.723404255319149
477,2019,4,1000478,2.6785714285714284
478,2019,4,1000479,1.9801980198019802
479,2019,4,1000480,3.0837004405286343
480,2019,4,1000481,2.6143790849673203
481,2019,4,1000482,1.9607843137254901
482,2019,4,1000483,2.803738317757009
483,2019,4,1000484,0.5747126436781609
484,2019,4,1000485,2.9702970297029703
485,2019,4,1000486,3.225806451612903
486,2019,4,1000487,0.0
487,2019,4,1000488,3.076923076923077
488,2019,4,1000489,3.571428571428571
489,2019,4,1000490,5.084745762711865
490,2019,4,1000491,4.191616766467066
491,2019,4,1000492,0.9569377990430622
492,2019,4,1000493,1.9607843137254901
493,2019,4,1000494,5.978260869565218
494,2019,4,1000495,3.6585365853658534
495,2019,4,1000496,1.9230769230769231
496,2019,4,1000497,3.4482758620689653
497,2019,4,1000498,3.571428571428571
498,2019,4,1000499,4.371584699453552
499,2019,4,1000500,4.4534412955465585
500,2019,4,1000501,4.733727810650888
501,2019,4,1000502,5.0
502,2019,4,1000503,2.608695652173913
503,2019,4,1000504,0.6134969325153374
504,2019,4,1000505,3.7735849056603774
505,2019,4,1000506,3.1746031746031744
506,2019,4,1000507,5.263157894736842
507,2019,4,1000508,4.580152671755725
508,2019,4,1000509,1.282051282051282
509,2019,4,1000510,1.1494252873563218
510,2019,4,1000511,2.3622047244094486
511,2019,4,1000512,2.9702970297029703
512,2019,4,1000513,6.428571428571428
513,2019,4,1000514,1.4925373134328357
514,2019,4,1000515,2.0689655172413794
515,2019,4,1000516,2.4390243902439024
516,2019,4,1000517,6.097560975609756
517,2019,4,1000518,2.7777777777777777
518,2019,4,1000519,2.7303754266211606
519,2019,4,1000520,6.578947368421052
520,2019,4,1000521,2.403846153846154
521,2019,4,1000522,3.807106598984772
522,2019,4,1000523,4.3478260869565215
523,2019,4,1000524,2.127659574468085
524,2019,4,1000525,3.278688524590164
525,2019,4,1000526,2.6785714285714284
526,2019,4,1000527,4.761904761904762
527,2019,4,1000528,6.329113924050633
528,2019,4,1000529,4.18848167539267
529,2019,4,1000530,2.941176470588235
530,2019,4,1000531,9.67741935483871
531,2019,4,1000532,6.0
532,2019,4,1000533,6.091370558375635
533,2019,4,1000534,4.4692737430167595
534,2019,4,1000535,5.633802816901409
535,2019,4,1000536,0.0
536,2019,4,1000537,2.857142857142857
537,2019,4,1000538,2.8169014084507045
538,2019,4,1000539,3.205128205128205
539,2019,4,1000540,4.45859872611465
540,2019,4,1000541,1.4598540145985401
541,2019,4,1000542,1.2195121951219512
542,2019,4,1000543,1.5
543,2019,4,1000544,2.857142857142857
544,2019,4,1000545,0.8620689655172413
545,2019,4,1000546,2.0408163265306123
546,2019,4,1000547,5.426356589147287
547,2019,4,1000548,1.639344262295082
548,2019,4,1000549,2.5380710659898478
549,2019,4,1000550,3.8834951456310676
550,2019,4,1000551,1.6666666666666667
551,2019,4,1000552,2.8846153846153846
552,2019,4,1000553,3.9215686274509802
553,2019,4,1000554,0.53475935828877
554,2019,4,1000555,6.779661016949152
555,2019,4,1000556,5.590062111801243
556,2019,4,1000557,1.4925373134328357
557,2019,4,1000558,5.1020408163265305
558,2019,4,1000559,4.081632653061225
559,2019,4,1000560,5.217391304347826
560,2019,4,1000561,2.484472049689441
561,2019,4,1000562,2.9850746268656714
562,2019,4,1000563,0.43668122270742354
563,2019,4,1000564,6.25
564,2019,4,1000565,0.9174311926605505
565,2019,4,1000566,4.0
566,2019,4,1000567,3.225806451612903
567,2019,4,1000568,1.4925373134328357
568,2019,4,1000569,3.225806451612903
569,2019,4,1000570,2.197802197802198
570,2019,4,1000571,0.0
571,2019,4,1000572,1.4705882352941175
572,2019,4,1000573,5.4945054945054945
573,2019,4,1000574,1.1904761904761905
574,2019,4,1000575,3.278688524590164
575,2019,4,1000576,1.6666666666666667
576,2019,4,1000577,2.5510204081632653
577,2019,4,1000578,2.4
578,2019,4,1000579,5.0
579,2019,4,1000580,2.840909090909091
580,2019,4,1000581,2.2222222222222223
581,2019,4,1000582,4.3478260869565215
582,2019,4,1000583,1.2121212121212122
583,2019,4,1000584,2.2222222222222223
584,2019,4,1000585,2.142857142857143
585,2019,4,1000586,0.0
586,2019,4,1000587,2.0202020202020203
587,2019,4,1000588,4.242424242424243
588,2019,4,1000589,2.941176470588235
589,2019,4,1000590,3.0456852791878175
590,2019,4,1000591,4.697986577181208
591,2019,4,1000592,1.6304347826086956
592,2019,4,1000593,4.424778761061947
593,2019,4,1000594,2.3622047244094486
594,2019,4,1000595,8.16326530612245
595,2019,4,1000596,2.272727272727273
596,2019,4,1000597,1.1695906432748537
597,2019,4,1000598,2.083333333333333
598,2019,4,1000599,2.7522935779816518
599,2019,4,1000600,3.870967741935484
600,2019,4,1000601,4.3478260869565215
601,2019,4,1000602,1.3333333333333335
602,2019,4,1000603,3.804347826086957
603,2019,4,1000604,1.5957446808510638
604,2019,4,1000605,5.0
605,2019,4,1000606,3.414634146341464
606,2019,4,1000607,2.9702970297029703
607,2019,4,1000608,0.0
608,2019,4,1000609,4.3478260869565215
609,2019,4,1000610,5.128205128205128
610,2019,4,1000611,2.857142857142857
611,2019,4,1000612,0.0
612,2019,4,1000613,2.608695652173913
613,2019,4,1000614,5.454545454545454
614,2019,4,1000615,2.3952095808383236
615,2019,4,1000616,3.482587064676617
616,2019,4,1000617,3.1578947368421053
617,2019,4,1000618,2.0
618,2019,4,1000619,6.25
619,2019,4,1000620,4.545454545454546
620,2019,4,1000621,5.298013245033113
621,2019,4,1000622,3.968253968253968
622,2019,4,1000623,3.3333333333333335
623,2019,4,1000624,0.0
624,2019,4,1000625,2.586206896551724
625,2019,4,1000626,2.4096385542168677
626,2019,4,1000627,5.072463768115942
627,2019,4,1000628,0.0
628,2019,4,1000629,3.6585365853658534
629,2019,4,1000630,2.666666666666667
630,2019,4,1000631,4.285714285714286
631,2019,4,1000632,2.0
632,2019,4,1000633,4.516129032258064
633,2019,4,1000634,5.963302752293578
634,2019,4,1000635,3.076923076923077
635,2019,4,1000636,4.3478260869565215
636,2019,4,1000637,2.8368794326241136
637,2019,4,1000638,3.8461538461538463
638,2019,4,1000639,7.59493670886076
639,2019,4,1000640,0.0
640,2019,4,1000641,3.64963503649635
641,2019,4,1000642,1.098901098901099
642,2019,4,1000643,2.2598870056497176
643,2019,4,1000644,5.053191489361701
644,2019,4,1000645,1.36986301369863
645,2019,4,1000646,1.9230769230769231
646,2019,4,1000647,3.5398230088495577
647,2019,4,1000648,2.18978102189781
648,2019,4,1000649,2.7027027027027026
649,2019,4,1000650,4.326923076923077
650,2019,4,1000651,11.538461538461538
651,2019,4,1000652,5.434782608695652
652,2019,4,1000653,1.7857142857142856
653,2019,4,1000654,1.9607843137254901
654,2019,4,1000655,3.1055900621118013
655,2019,4,1000656,2.941176470588235
656,2019,4,1000657,2.272727272727273
657,2019,4,1000658,9.722222222222223
658,2019,4,1000659,1.935483870967742
659,2019,4,1000660,0.6451612903225806
660,2019,4,1000661,0.0
661,2019,4,1000662,2.5316455696202533
662,2019,4,1000663,1.694915254237288
663,2019,4,1000664,3.571428571428571
664,2019,4,1000665,1.8181818181818181
665,2019,4,1000666,4.0
666,2019,4,1000667,4.444444444444445
667,2019,4,1000668,4.597701149425287
668,2019,4,1000669,2.5
669,2019,4,1000670,7.766990291262135
670,2019,4,1000671,7.6923076923076925
671,2019,4,1000672,1.0
672,2019,4,1000673,5.113636363636364
673,2019,4,1000674,3.5999999999999996
674,2019,4,1000675,7.59493670886076
675,2019,4,1000676,1.7241379310344827
676,2019,4,1000677,7.352941176470589
677,2019,4,1000678,1.2658227848101267
678,2019,4,1000679,1.7045454545454544
679,2019,4,1000680,1.0638297872340425
680,2019,4,1000681,0.0
681,2019,4,1000682,3.015075376884422
682,2019,4,1000683,2.1739130434782608
683,2019,4,1000684,4.026845637583892
684,2019,4,1000685,3.7037037037037033
685,2019,4,1000686,8.823529411764707
686,2019,4,1000687,0.9216589861751152
687,2019,4,1000688,2.6178010471204187
688,2019,4,1000689,1.1049723756906076
689,2019,4,1000690,0.591715976331361
690,2019,4,1000691,0.5291005291005291
691,2019,4,1000692,1.6666666666666667
692,2019,4,1000693,2.82258064516129
693,2019,4,1000694,1.4084507042253522
694,2019,4,1000695,0.0
695,2019,4,1000696,1.36986301369863
696,2019,4,1000697,4.545454545454546
697,2019,4,1000698,4.705882352941177
698,2019,4,1000699,4.411764705882353
699,2019,4,1000700,1.9230769230769231
700,2019,4,1000701,6.25
701,2019,4,1000702,3.2
702,2019,4,1000703,4.424778761061947
703,2019,4,1000704,5.9405940594059405
704,2019,4,1000705,4.310344827586207
705,2019,4,1000706,2.941176470588235
706,2019,4,1000707,1.5037593984962405
707,2019,4,1000708,5.4945054945054945
708,2019,4,1000709,1.8181818181818181
709,2019,4,1000710,2.7522935779816518
710,2019,4,1000711,2.272727272727273
711,2019,4,1000712,5.641025641025641
712,2019,4,1000713,1.2345679012345678
713,2019,4,1000714,5.063291139240507
714,2019,4,1000715,1.694915254237288
715,2019,4,1000716,2.4390243902439024
716,2019,4,1000717,2.0408163265306123
717,2019,4,1000718,4.716981132075472
718,2019,4,1000719,2.768166089965398
719,2019,4,1000720,2.7777777777777777
720,2019,4,1000721,1.6129032258064515
721,2019,4,1000722,4.62962962962963
722,2019,4,1000723,2.3622047244094486
723,2019,4,1000724,2.7522935779816518
724,2019,4,1000725,1.694915254237288
725,2019,4,1000726,3.664921465968586
726,2019,4,1000727,2.7777777777777777
727,2019,4,1000728,3.414634146341464
728,2019,4,1000729,5.128205128205128
729,2019,4,1000730,3.076923076923077
730,2019,4,1000731,2.8169014084507045
731,2019,4,1000732,2.6785714285714284
732,2019,4,1000733,1.935483870967742
733,2019,4,1000734,2.380952380952381
734,2019,4,1000735,4.166666666666666
735,2019,4,1000736,12.121212121212121
736,2019,4,1000737,2.158273381294964
737,2019,4,1000738,8.771929824561402
738,2019,4,1000739,3.125
739,2019,4,1000740,2.7777777777777777
740,2019,4,1000741,3.592814371257485
741,2019,4,1000742,3.8461538461538463
742,2019,4,1000743,3.8461538461538463
743,2019,4,1000744,3.508771929824561
744,2019,4,1000745,4.0
745,2019,4,1000746,1.7094017094017095
746,2019,4,1000747,6.172839506172839
747,2019,4,1000748,2.272727272727273
748,2019,4,1000749,3.75
749,2019,4,1000750,1.639344262295082
750,2019,4,1000751,0.0
751,2019,4,1000752,4.878048780487805
752,2019,4,1000753,1.834862385321101
753,2019,4,1000754,1.0416666666666665
754,2019,4,1000755,6.106870229007633
755,2019,4,1000756,0.9900990099009901
756,2019,4,1000757,3.954802259887006
757,2019,4,1000758,2.547770700636943
758,2019,4,1000759,1.2345679012345678
759,2019,4,1000760,3.1847133757961785
760,2019,4,1000761,2.5806451612903225
761,2019,4,1000762,0.0
762,2019,4,1000763,2.7777777777777777
763,2019,4,1000764,4.672897196261682
764,2019,4,1000765,1.282051282051282
765,2019,4,1000766,2.586206896551724
766,2019,4,1000767,0.0
767,2019,4,1000768,3.5294117647058822
768,2019,4,1000769,2.1739130434782608
769,2019,4,1000770,1.9230769230769231
770,2019,4,1000771,2.127659574468085
771,2019,4,1000772,6.741573033707865
772,2019,4,1000773,2.6143790849673203
773,2019,4,1000774,2.73972602739726
774,2019,4,1000775,4.0
775,2019,4,1000776,8.823529411764707
776,2019,4,1000777,5.376344086021505
777,2019,4,1000778,0.0
778,2019,4,1000779,13.461538461538462
779,2019,4,1000780,2.3255813953488373
780,2019,4,1000781,3.4722222222222223
781,2019,4,1000782,0.0
782,2019,4,1000783,2.9940119760479043
783,2019,4,1000784,6.451612903225806
784,2019,4,1000785,3.571428571428571
785,2019,4,1000786,5.063291139240507
786,2019,4,1000787,2.631578947368421
787,2019,4,1000788,3.3333333333333335
788,2019,4,1000789,2.380952380952381
789,2019,4,1000790,2.857142857142857
790,2019,4,1000791,0.9345794392523363
791,2019,4,1000792,3.614457831325301
792,2019,4,1000793,4.861111111111112
793,2019,4,1000794,5.084745762711865
794,2019,4,1000795,5.185185185185185
795,2019,4,1000796,3.3816425120772946
796,2019,4,1000797,2.73224043715847
797,2019,4,1000798,3.0534351145038165
798,2019,4,1000799,5.405405405405405
799,2019,4,1000800,2.2222222222222223
800,2019,4,1000801,4.615384615384616
801,2019,4,1000802,1.1904761904761905
802,2019,4,1000803,0.0
803,2019,4,1000804,4.736842105263158
804,2019,4,1000805,0.0
805,2019,4,1000806,1.4925373134328357
806,2019,4,1000807,4.918032786885246
807,2019,4,1000808,2.1739130434782608
808,2019,4,1000809,1.9047619047619049
809,2019,4,1000810,3.3333333333333335
810,2019,4,1000811,0.0
811,2019,4,1000812,3.90625
812,2019,4,1000813,1.8867924528301887
813,2019,4,1000814,2.7777777777777777
814,2019,4,1000815,4.145077720207254
815,2019,4,1000816,6.0344827586206895
816,2019,4,1000817,1.7857142857142856
817,2019,4,1000818,3.5294117647058822
818,2019,4,1000819,4.0
819,2019,4,1000820,1.574803149606299
820,2019,4,1000821,1.7391304347826086
821,2019,4,1000822,0.0
822,2019,4,1000823,3.0303030303030303
823,2019,4,1000824,4.3478260869565215
824,2019,4,1000825,2.857142857142857
825,2019,4,1000826,4.705882352941177
826,2019,4,1000827,3.6585365853658534
827,2019,4,1000828,3.875968992248062
828,2019,4,1000829,2.643171806167401
829,2019,4,1000830,2.7559055118110236
830,2019,4,1000831,2.923976608187134
831,2019,4,1000832,2.5210084033613445
832,2019,4,1000833,2.3255813953488373
833,2019,4,1000834,5.676855895196507
834,2019,4,1000835,2.912621359223301
835,2019,4,1000836,3.937007874015748
836,2019,4,1000837,1.744186046511628
837,2019,4,1000838,2.727272727272727
838,2019,4,1000839,4.326923076923077
839,2019,4,1000840,0.0
840,2019,4,1000841,5.128205128205128
841,2019,4,1000842,0.0
842,2019,4,1000843,0.0
843,2019,4,1000844,1.7647058823529411
844,2019,4,1000845,2.4875621890547266
845,2019,4,1000846,3.625377643504532
846,2019,4,1000847,3.0395136778115504
847,2019,4,1000848,2.314814814814815
848,2019,4,1000849,3.7037037037037033
849,2019,4,1000850,2.197802197802198
850,2019,4,1000851,0.641025641025641
851,2019,4,1000852,4.230769230769231
852,2019,4,1000853,2.5423728813559325
853,2019,4,1000854,0.48543689320388345
854,2019,4,1000855,2.2556390977443606
855,2019,4,1000856,1.89873417721519
856,2019,4,1000857,3.0120481927710845
857,2019,4,1000858,2.631578947368421
858,2019,4,1000859,1.834862385321101
859,2019,4,1000860,3.6363636363636362
860,2019,4,1000861,3.8461538461538463
861,2019,4,1000862,0.0
862,2019,4,1000863,3.686635944700461
863,2019,4,1000864,2.5806451612903225
864,2019,4,1000865,1.935483870967742
865,2019,4,1000866,2.1929824561403506
866,2019,4,1000867,1.4598540145985401
867,2019,4,1000868,2.5974025974025974
868,2019,4,1000869,5.88235294117647
869,2019,4,1000870,4.464285714285714
870,2019,4,1000871,1.2048192771084338
871,2019,4,1000872,1.8633540372670807
872,2019,4,1000873,5.555555555555555
873,2019,4,1000874,0.0
874,2019,4,1000875,4.0
875,2019,4,1000876,2.941176470588235
876,2019,4,1000877,3.597122302158273
877,2019,4,1000878,3.6363636363636362
878,2019,4,1000879,3.79746835443038
879,2019,4,1000880,4.2105263157894735
880,2019,4,1000881,2.2900763358778624
881,2019,4,1000882,1.5384615384615385
882,2019,4,1000883,3.389830508474576
883,2019,4,1000884,4.666666666666667
884,2019,4,1000885,1.7543859649122806
885,2019,4,1000886,2.608695652173913
886,2019,4,1000887,2.9069767441860463
887,2019,4,1000888,2.5
888,2019,4,1000889,4.3478260869565215
889,2019,4,1000890,0.3703703703703704
890,2019,4,1000891,1.7341040462427744
891,2019,4,1000892,4.794520547945205
892,2019,4,1000893,2.7624309392265194
893,2019,4,1000894,6.557377049180328
894,2019,4,1000895,1.1428571428571428
895,2019,4,1000896,2.8925619834710745
896,2019,4,1000897,2.941176470588235
897,2019,4,1000898,3.3816425120772946
898,2019,4,1000899,0.0
899,2019,4,1000900,2.364864864864865
900,2019,4,1000901,1.1904761904761905
901,2019,4,1000902,2.054794520547945
902,2019,4,1000903,1.2987012987012987
903,2019,4,1000904,1.9880715705765408
904,2019,4,1000905,1.6666666666666667
905,2019,4,1000906,3.418803418803419
906,2019,4,1000907,4.285714285714286
907,2019,4,1000908,2.380952380952381
908,2019,4,1000909,0.8620689655172413
909,2019,4,1000910,2.1739130434782608
910,2019,4,1000911,1.4492753623188406
911,2019,4,1000912,8.0
912,2019,4,1000913,4.326923076923077
913,2019,4,1000914,3.3112582781456954
914,2019,4,1000915,2.247191011235955
915,2019,4,1000916,3.7037037037037033
916,2019,4,1000917,3.4653465346534658
917,2019,4,1000918,1.6528925619834711
918,2019,4,1000919,3.937007874015748
919,2019,4,1000920,2.788844621513944
920,2019,4,1000921,3.571428571428571
921,2019,4,1000922,2.1806853582554515
922,2019,4,1000923,3.1645569620253164
923,2019,4,1000924,0.9615384615384616
924,2019,4,1000925,2.7450980392156863
925,2019,4,1000926,6.508875739644971
926,2019,4,1000927,3.4267912772585665
927,2019,4,1000928,2.272727272727273
928,2019,4,1000929,3.35195530726257
929,2019,4,1000930,1.4035087719298245
930,2019,4,1000931,1.6216216216216217
931,2019,4,1000932,2.7777777777777777
932,2019,4,1000933,1.0526315789473684
933,2019,4,1000934,5.5
934,2019,4,1000935,3.5856573705179287
935,2019,4,1000936,1.6574585635359116
936,2019,4,1000937,2.7559055118110236
937,2019,4,1000938,4.635761589403973
938,2019,4,1000939,1.0638297872340425
939,2019,4,1000940,3.686635944700461
940,2019,4,1000941,2.6022304832713754
941,2019,4,1000942,1.4563106796116505
942,2019,4,1000943,6.0
943,2019,4,1000944,1.7921146953405016
944,2019,4,1000945,3.0120481927710845
945,2019,4,1000946,2.336448598130841
946,2019,4,1000947,6.511627906976744
947,2019,4,1000948,4.219409282700422
948,2019,4,1000949,3.902439024390244
949,2019,4,1000950,2.272727272727273
950,2019,4,1000951,4.15335463258786
951,2019,4,1000952,3.3707865168539324
952,2019,4,1000953,3.9647577092511015
953,2019,4,1000954,4.0358744394618835
954,2019,4,1000955,4.128440366972478
955,2019,4,1000956,3.041825095057034
956,2019,4,1000957,2.5
957,2019,4,1000958,4.931506849315069
958,2019,4,1000959,4.0201005025125625
959,2019,4,1000960,3.2846715328467155
960,2019,4,1000961,5.6426332288401255
961,2019,4,1000962,2.93040293040293
962,2019,4,1000963,3.4722222222222223
963,2019,4,1000964,5.426356589147287
964,2019,4,1000965,3.5398230088495577
965,2019,4,1000966,2.2222222222222223
966,2019,4,1000967,4.270462633451958
967,2019,4,1000968,4.49438202247191
968,2019,4,1000969,1.9230769230769231
969,2019,4,1000970,1.8181818181818181
970,2019,4,1000971,3.8461538461538463
971,2019,4,1000972,4.891304347826087
972,2019,4,1000973,1.680672268907563
973,2019,4,1000974,2.3255813953488373
974,2019,4,1000975,1.2345679012345678
975,2019,4,1000976,4.545454545454546
976,2019,4,1000977,2.7027027027027026
977,2019,4,1000978,3.0120481927710845
978,2019,4,1000979,3.0456852791878175
979,2019,4,1000980,3.614457831325301
980,2019,4,1000981,1.9607843137254901
981,2019,4,1000982,3.75
982,2019,4,1000983,3.11284046692607
983,2019,4,1000984,2.403846153846154
984,2019,4,1000985,3.8461538461538463
985,2019,4,1000986,2.456140350877193
986,2019,4,1000987,4.878048780487805
987,2019,4,1000988,2.083333333333333
988,2019,4,1000989,2.797202797202797
989,2019,4,1000990,3.669724770642202
990,2019,4,1000991,4.191616766467066
991,2019,4,1000992,2.2556390977443606
992,2019,4,1000993,3.481012658227848
993,2019,4,1000994,0.0
994,2019,4,1000995,2.083333333333333
995,2019,4,1000996,1.1764705882352942
996,2019,4,1000997,4.0
997,2019,4,1000998,4.026845637583892
998,2019,4,1000999,4.411764705882353
999,2019,4,1001000,5.298013245033113
1000,2019,4,1001001,2.547770700636943
1001,2019,4,1001002,4.382470119521913
1002,2019,4,1001003,4.62962962962963
1003,2019,4,1001004,3.8095238095238098
1004,2019,4,1001005,5.47945205479452
1005,2019,4,1001006,2.2556390977443606
1006,2019,4,1001007,3.1645569620253164
1007,2019,4,1001008,5.128205128205128
1008,2019,4,1001009,4.123711340206185
1009,2019,4,1001010,4.651162790697675
1010,2019,4,1001011,4.128440366972478
1011,2019,4,1001012,3.0303030303030303
1012,2019,4,1001013,4.733727810650888
1013,2019,4,1001014,0.7672634271099744
1014,2019,4,1001015,4.3314500941619585
1015,2019,4,1001016,5.0761421319796955
1016,2019,4,1001017,6.896551724137931
1017,2019,4,1001018,1.834862385321101
1018,2019,4,1001019,1.4285714285714286
1019,2019,4,1001020,2.2706630336058127
1020,2019,4,1001021,2.027027027027027
1021,2019,4,1001022,1.9607843137254901
1022,2019,4,1001023,1.8789144050104383
1023,2019,4,1001024,5.135135135135135
1024,2019,4,1001025,3.298774740810556
1025,2019,4,1001026,4.026845637583892
1026,2019,4,1001027,3.506243996157541
1027,2019,4,1001028,3.2
1028,2019,4,1001029,0.9433962264150944
1029,2019,4,1001030,2.768166089965398
1030,2019,4,1001031,4.5893719806763285
1031,2019,4,1001032,5.323193916349809
1032,2019,4,1001033,1.8376722817764166
1033,2019,4,1001034,3.462321792260693
1034,2019,4,1001035,1.7543859649122806
1035,2019,4,1001036,7.317073170731707
1036,2019,4,1001037,2.28310502283105
1037,2019,4,1001038,4.3745727956254274
1038,2019,4,1001039,2.216427640156454
1039,2019,4,1001040,1.953125
1040,2019,4,1001041,2.7960526315789473
1041,2019,4,1001042,3.4482758620689653
1042,2019,4,1001043,2.8753993610223643
1043,2019,4,1001044,2.2146507666098807
1044,2019,4,1001045,5.040322580645161
1045,2019,4,1001046,2.4344569288389515
1046,2019,4,1001047,2.608695652173913
1047,2019,4,1001048,0.7898894154818324
1048,2019,4,1001049,3.3846153846153846
1049,2019,4,1001050,3.141614306428226
1050,2019,4,1001051,5.196850393700787
1051,2019,4,1001052,2.207505518763797
1052,2019,4,1001053,4.37956204379562
1053,2019,4,1001054,2.3738872403560833
1054,2019,4,1001055,1.9305019305019304
1055,2019,4,1001056,3.1986531986531985
1056,2019,4,1001057,2.889245585874799
1057,2019,4,1001058,1.2345679012345678
1058,2019,4,1001059,1.034928848641656
1059,2019,4,1001060,1.4285714285714286
1060,2019,4,1001061,2.2522522522522523
1061,2019,4,1001062,3.262092238470191
1062,2019,4,1001063,2.072538860103627
1063,2019,4,1001064,3.8461538461538463
1064,2019,4,1001065,2.941176470588235
1065,2019,4,1001066,1.588271227855834
1066,2019,4,1001067,2.3498694516971277
1067,2019,4,1001068,2.8368794326241136
1068,2019,4,1001069,2.127659574468085
1069,2019,4,1001070,1.9417475728155338
1070,2019,4,1001071,4.612850082372323
1071,2019,4,1001072,2.6022304832713754
1072,2019,4,1001073,1.936912008854455
1073,2019,4,1001074,1.0600706713780919
1074,2019,4,1001075,4.132231404958678
1075,2019,4,1001076,15.734265734265735
1076,2019,4,1001077,3.8863976083707024
1077,2019,4,1001078,2.9654036243822075
1078,2019,4,1001079,0.0
1079,2019,4,1001080,0.0
1080,2019,4,1001081,2.607561929595828
1081,2019,4,1001082,2.73224043715847
1082,2019,4,1001083,2.380952380952381
1083,2019,4,1001084,2.9629629629629632
1084,2019,4,1001085,2.7246188777165097
1085,2019,4,1001086,3.3106134371957157
1086,2019,4,1001087,1.655867530597552
1087,2019,4,1001088,3.519061583577713
1088,2019,4,1001089,2.877697841726619
1089,2019,4,1001090,4.597701149425287
1090,2019,4,1001091,4.838709677419355
1091,2019,4,1001092,3.293413173652695
1092,2019,4,1001093,3.3666969972702456
1093,2019,4,1001094,2.3255813953488373
1094,2019,4,1001095,4.120676968359088
1095,2019,4,1001096,3.2490974729241873
1096,2019,4,1001097,2.828618968386023
1097,2019,4,1001098,2.3041474654377883
1098,2019,4,1001099,3.260869565217391
1099,2019,4,1001100,5.217391304347826
1100,2019,4,1001101,1.875
1101,2019,4,1001102,1.8181818181818181
1102,2019,4,1001103,2.031063321385902
1103,2019,4,1001104,1.532567049808429
1104,2019,4,1001105,5.797101449275362
1105,2019,4,1001106,1.9417475728155338
1106,2019,4,1001107,4.012345679012346
1107,2019,4,1001108,4.672897196261682
1108,2019,4,1001109,3.286384976525822
1109,2019,4,1001110,2.2792022792022792
1110,2019,4,1001111,2.2869022869022873
1111,2019,4,1001112,4.8
1112,2019,4,1001113,1.5625
1113,2019,4,1001114,1.5267175572519083
1114,2019,4,1001115,1.095890410958904
1115,2019,4,1001116,8.0
1116,2019,4,1001117,3.0874785591766725
1117,2019,4,1001118,2.8688524590163933
1118,2019,4,1001119,4.3678160919540225
1119,2019,4,1001120,6.204379562043796
1120,2019,4,1001121,2.5210084033613445
1121,2019,4,1001122,1.718213058419244
1122,2019,4,1001123,1.9390581717451523
1123,2019,4,1001124,0.3676470588235294
1124,2019,4,1001125,1.8633540372670807
1125,2019,4,1001126,2.5
1126,2019,4,1001127,2.2488755622188905
1127,2019,4,1001128,0.0
1128,2019,4,1001129,3.7037037037037033
1129,2019,4,1001130,5.072463768115942
1130,2019,4,1001131,2.564102564102564
1131,2019,4,1001132,1.2376237623762376
1132,2019,4,1001133,2.510460251046025
1133,2019,4,1001134,2.0249221183800623
1134,2019,4,1001135,3.60328219764538
1135,2019,4,1001136,3.4782608695652173
1136,2019,4,1001137,4.098360655737705
1137,2019,4,1001138,2.096177558569667
1138,2019,4,1001139,2.072538860103627
1139,2019,4,1001140,2.376237623762376
1140,2019,4,1001141,2.2162162162162162
1141,2019,4,1001142,3.4013605442176873
1142,2019,4,1001143,1.092896174863388
1143,2019,4,1001144,3.009575923392613
1144,2019,4,1001145,2.565982404692082
1145,2019,4,1001146,0.0
1146,2019,4,1001147,1.3471502590673576
1147,2019,4,1001148,5.714285714285714
1148,2019,4,1001149,2.6200873362445414
1149,2019,4,1001150,2.591463414634146
1150,2019,4,1001151,1.5015015015015014
1151,2019,4,1001152,2.391904323827047
1152,2019,4,1001153,3.8135593220338984
1153,2019,4,1001154,1.9230769230769231
1154,2019,4,1001155,1.3793103448275863
1155,2019,4,1001156,4.340277777777778
1156,2019,4,1001157,4.918032786885246
1157,2019,4,1001158,4.901960784313726
1158,2019,4,1001159,3.4482758620689653
1159,2019,4,1001160,3.2015065913371
1160,2019,4,1001161,1.8691588785046727
1161,2019,4,1001162,5.88235294117647
1162,2019,4,1001163,3.932993445010925
1163,2019,4,1001164,2.056555269922879
1164,2019,4,1001165,4.591836734693878
1165,2019,4,1001166,3.0789825970548863
1166,2019,4,1001167,4.724409448818897
1167,2019,4,1001168,1.2987012987012987
1168,2019,4,1001169,5.535055350553505
1169,2019,4,1001170,0.8888888888888888
1170,2019,4,1001171,0.0
1171,2019,4,1001172,5.031446540880504
1172,2019,4,1001173,1.4344262295081966
1173,2019,4,1001174,7.142857142857142
1174,2019,4,1001175,3.9285714285714284
1175,2019,4,1001176,3.8461538461538463
1176,2019,4,1001177,6.432748538011696
1177,2019,4,1001178,3.4482758620689653
1178,2019,4,1001179,7.8
1179,2019,4,1001180,2.2641509433962264
1180,2019,4,1001181,2.8901734104046244
1181,2019,4,1001182,4.5016913869372885
1182,2019,4,1001183,0.4761904761904762
1183,2019,4,1001184,3.436426116838488
1184,2019,4,1001185,5.905511811023622
1185,2019,4,1001186,2.9850746268656714
1186,2019,4,1001187,3.2407407407407405
1187,2019,4,1001188,1.0526315789473684
1188,2019,4,1001189,3.170028818443804
1189,2019,4,1001190,2.094240837696335
1190,2019,4,1001191,0.0
1191,2019,4,1001192,2.4390243902439024
1192,2019,4,1001193,3.187250996015936
1193,2019,4,1001194,2.5139664804469275
1194,2019,4,1001195,0.6944444444444444
1195,2019,4,1001196,2.1551724137931036
1196,2019,4,1001197,1.9342359767891684
1197,2019,4,1001198,4.195804195804196
1198,2019,4,1001199,2.1459227467811157
1199,2019,4,1001200,1.5238095238095237
1200,2019,4,1001201,6.214689265536723
1201,2019,4,1001202,2.7181688125894135
1202,2019,4,1001203,2.806122448979592
1203,2019,4,1001204,1.291248206599713
1204,2019,4,1001205,1.7557251908396947
1205,2019,4,1001206,1.6326530612244898
1206,2019,4,1001207,2.358490566037736
1207,2019,4,1001208,1.7985611510791366
1208,2019,4,1001209,2.148997134670487
1209,2019,4,1001210,2.4070021881838075
1210,2019,4,1001211,1.6546018614270943
1211,2019,4,1001212,0.7407407407407408
1212,2019,4,1001213,3.9451114922813035
1213,2019,4,1001214,3.8461538461538463
1214,2019,4,1001215,1.41643059490085
1215,2019,4,1001216,2.3640661938534278
1216,2019,4,1001217,1.2345679012345678
1217,2019,4,1001218,3.825136612021858
1218,2019,4,1001219,1.694915254237288
1219,2019,4,1001220,2.4734982332155475
1220,2019,4,1001221,4.705882352941177
1221,2019,4,1001222,3.4482758620689653
1222,2019,4,1001223,2.479338842975207
1223,2019,4,1001224,3.6036036036036037
1224,2019,4,1001225,1.3605442176870748
1225,2019,4,1001226,2.3140495867768593
1226,2019,4,1001227,1.841903300076746
1227,2019,4,1001228,2.6262626262626263
1228,2019,4,1001229,0.9554140127388535
1229,2019,4,1001230,2.109704641350211
1230,2019,4,1001231,5.0691244239631335
1231,2019,4,1001232,4.26497277676951
1232,2019,4,1001233,1.0126582278481013
1233,2019,4,1001234,2.843601895734597
1234,2019,4,1001235,5.343511450381679
1235,2019,4,1001236,2.2388059701492535
1236,2019,4,1001237,1.639344262295082
1237,2019,4,1001238,2.9769959404600814
1238,2019,4,1001239,8.348794063079778
1239,2019,4,1001240,3.040540540540541
1240,2019,4,1001241,3.5211267605633805
1241,2019,4,1001242,4.814004376367615
1242,2019,4,1001243,4.504504504504505
1243,2019,4,1001244,4.824561403508771
1244,2019,4,1001245,3.993610223642172
1245,2019,4,1001246,0.0
1246,2019,4,1001247,2.5
1247,2019,4,1001248,2.7131782945736433
1248,2019,4,1001249,3.64963503649635
1249,2019,4,1001250,4.888888888888889
1250,2019,4,1001251,3.1746031746031744
1251,2019,4,1001252,2.1621621621621623
1252,2019,4,1001253,2.6785714285714284
1253,2019,4,1001254,3.885135135135135
1254,2019,4,1001255,1.25
1255,2019,4,1001256,1.2048192771084338
1256,2019,4,1001257,4.424778761061947
1257,2019,4,1001258,3.488372093023256
1258,2019,4,1001259,3.488372093023256
1259,2019,4,1001260,4.0453074433656955
1260,2019,4,1001261,5.761316872427984
1261,2019,4,1001262,4.605263157894736
1262,2019,4,1001263,3.5856573705179287
1263,2019,4,1001264,1.5037593984962405
1264,2019,4,1001265,1.839464882943144
1265,2019,4,1001266,1.932367149758454
1266,2019,4,1001267,2.1341463414634148
1267,2019,4,1001268,2.7777777777777777
1268,2019,4,1001269,0.0
1269,2019,4,1001270,2.2222222222222223
1270,2019,4,1001271,2.0
1271,2019,4,1001272,0.0
1272,2019,4,1001273,2.0793950850661624
1273,2019,4,1001274,1.2711864406779663
1274,2019,4,1001275,4.273504273504273
1275,2019,4,1001276,2.984293193717278
1276,2019,4,1001277,0.7858546168958742
1277,2019,4,1001278,3.5532994923857872
1278,2019,4,1001279,2.0780856423173804
1279,2019,4,1001280,2.0242914979757085
1280,2019,4,1001281,2.4746906636670416
1281,2019,4,1001282,4.145077720207254
1282,2019,4,1001283,6.349206349206349
1283,2019,4,1001284,2.127659574468085
1284,2019,4,1001285,0.0
1285,2019,4,1001286,2.3255813953488373
1286,2019,4,1001287,0.0
1287,2019,4,1001288,2.2222222222222223
1288,2019,4,1001289,0.5847953216374269
1289,2019,4,1001290,1.8691588785046727
1290,2019,4,1001291,4.117647058823529
1291,2019,4,1001292,0.0
1292,2019,4,1001293,0.0
1293,2019,4,1001294,1.3100436681222707
1294,2019,4,1001295,2.3904382470119523
1295,2019,4,1001296,3.1914893617021276
1296,2019,4,1001297,2.2222222222222223
1297,2019,4,1001298,6.369426751592357
1298,2019,4,1001299,0.0
1299,2019,4,1001300,6.741573033707865
1300,2019,4,1001301,4.326923076923077
1301,2019,4,1001302,7.894736842105263
1302,2019,4,1001303,2.666666666666667
1303,2019,4,1001304,2.5316455696202533
1304,2019,4,1001305,0.0
1305,2019,4,1001306,5.47945205479452
1306,2019,4,1001307,4.444444444444445
1307,2019,4,1001308,18.421052631578945
1308,2019,4,1001309,3.7037037037037033
1309,2019,4,1001310,0.0
1310,2019,4,1001311,0.0
1311,2019,4,1001312,0.0
1312,2019,4,1001313,1.7857142857142856
1313,2019,4,1001314,3.0444964871194378
1314,2019,4,1001315,0.0
1315,2019,4,1001316,2.910958904109589
1316,2019,4,1001317,3.4482758620689653
1317,2019,4,1001318,1.694915254237288
1318,2019,4,1001319,1.5384615384615385
1319,2019,4,1001320,2.197802197802198
1320,2019,4,1001321,2.631578947368421
1321,2019,4,1001322,7.4074074074074066
1322,2019,4,1001323,3.8461538461538463
1323,2019,4,1001324,2.272727272727273
1324,2019,4,1001325,2.484472049689441
1325,2019,4,1001326,3.4013605442176873
1326,2019,4,1001327,0.0
1327,2019,4,1001328,6.896551724137931
1328,2019,4,1001329,4.193548387096775
1329,2019,4,1001330,2.7160493827160495
1330,2019,4,1001331,1.2658227848101267
1331,2019,4,1001332,2.9787234042553195
1332,2019,4,1001333,2.127659574468085
1333,2019,4,1001334,2.380952380952381
1334,2019,4,1001335,7.246376811594203
1335,2019,4,1001336,2.4725274725274726
1336,2019,4,1001337,0.0
1337,2019,4,1001338,0.7352941176470588
1338,2019,4,1001339,1.4084507042253522
1339,2019,4,1001340,0.4464285714285714
1340,2019,4,1001341,3.3333333333333335
1341,2019,4,1001342,4.761904761904762
1342,2019,4,1001343,16.793893129770993
1343,2019,4,1001344,0.0
1344,2019,4,1001345,0.0
1345,2019,4,1001346,0.0
1346,2019,4,1001347,3.8834951456310676
1347,2019,4,1001348,1.4492753623188406
1348,2019,4,1001349,5.714285714285714
1349,2019,4,1001350,1.282051282051282
1350,2019,4,1001351,4.201680672268908
1351,2019,4,1001352,3.5398230088495577
1352,2019,4,1001353,2.719033232628399
1353,2019,4,1001354,5.084745762711865
1354,2019,4,1001355,6.306306306306306
1355,2019,4,1001356,4.3478260869565215
1356,2019,4,1001357,3.418803418803419
1357,2019,4,1001358,16.666666666666664
1358,2019,4,1001359,3.278688524590164
1359,2019,4,1001360,3.7735849056603774
1360,2019,4,1001361,6.451612903225806
1361,2019,4,1001362,6.451612903225806
1362,2019,4,1001363,1.4925373134328357
1363,2019,4,1001364,1.6666666666666667
1364,2019,4,1001365,2.575107296137339
1365,2019,4,1001366,0.0
1366,2019,4,1001367,4.5662100456621
1367,2019,4,1001368,3.0973451327433628
1368,2019,4,1001369,3.7037037037037033
1369,2019,4,1001370,6.666666666666667
1370,2019,4,1001371,1.5873015873015872
1371,2019,4,1001372,0.0
1372,2019,4,1001373,0.0
1373,2019,4,1001374,4.624277456647398
1374,2019,4,1001375,4.545454545454546
1375,2019,4,1001376,3.7735849056603774
1376,2019,4,1001377,3.64963503649635
1377,2019,4,1001378,1.1764705882352942
1378,2019,4,1001379,2.094240837696335
1379,2019,4,1001380,2.941176470588235
1380,2019,4,1001381,3.75
1381,2019,4,1001382,0.0
1382,2019,4,1001383,1.7857142857142856
1383,2019,4,1001384,12.195121951219512
1384,2019,4,1001385,1.5384615384615385
1385,2019,4,1001386,13.043478260869565
1386,2019,4,1001387,8.571428571428571
1387,2019,4,1001388,8.333333333333332
1388,2019,4,1001389,0.0
1389,2019,4,1001390,1.3888888888888888
1390,2019,4,1001391,3.007518796992481
1391,2019,4,1001392,6.0
1392,2019,4,1001393,2.797202797202797
1393,2019,4,1001394,2.127659574468085
1394,2019,4,1001395,4.697986577181208
1395,2019,4,1001396,4.040404040404041
1396,2019,4,1001397,4.219409282700422
1397,2019,4,1001398,6.25
1398,2019,4,1001399,4.054054054054054
1399,2019,4,1001400,0.0
1400,2019,4,1001401,0.0
1401,2019,4,1001402,3.669724770642202
1402,2019,4,1001403,1.8181818181818181
1403,2019,4,1001404,1.1904761904761905
1404,2019,4,1001405,0.0
1405,2019,4,1001406,1.3888888888888888
1406,2019,4,1001407,0.0
1407,2019,4,1001408,0.0
1408,2019,4,1001409,1.4705882352941175
1409,2019,4,1001410,0.0
1410,2019,4,1001411,4.9504950495049505
1411,2019,4,1001412,0.7194244604316548
1412,2019,4,1001413,2.5179856115107913
1413,2019,4,1001414,3.8461538461538463
1414,2019,4,1001415,1.7045454545454544
1415,2019,4,1001416,0.0
1416,2019,4,1001417,5.263157894736842
1417,2019,4,1001418,4.332129963898916
1418,2019,4,1001419,3.296703296703297
1419,2019,4,1001420,2.2346368715083798
1420,2019,4,1001421,9.090909090909092
1421,2019,4,1001422,1.3333333333333335
1422,2019,4,1001423,2.18978102189781
1423,2019,4,1001424,1.4851485148514851
1424,2019,4,1001425,0.0
1425,2019,4,1001426,1.2195121951219512
1426,2019,4,1001427,2.2082018927444795
1427,2019,4,1001428,0.0
1428,2019,4,1001429,2.73972602739726
1429,2019,4,1001430,4.490690032858708
1430,2019,4,1001431,2.459016393442623
1431,2019,4,1001432,0.0
1432,2019,4,1001433,0.6211180124223602
1433,2019,4,1001434,0.0
1434,2019,4,1001435,5.769230769230769
1435,2019,4,1001436,4.918032786885246
1436,2019,4,1001437,0.0
1437,2019,4,1001438,1.7857142857142856
1438,2019,4,1001439,0.0
1439,2019,4,1001440,15.702479338842975
1440,2019,4,1001441,1.9047619047619049
1441,2019,4,1001442,0.0
1442,2019,4,1001443,5.555555555555555
1443,2019,4,1001444,2.247191011235955
1444,2019,4,1001445,8.333333333333332
1445,2019,4,1001446,5.88235294117647
1446,2019,4,1001447,2.097902097902098
1447,2019,4,1001448,3.10077519379845
1448,2019,4,1001449,3.289473684210526
1449,2019,4,1001450,2.1621621621621623
1450,2019,4,1001451,6.666666666666667
1451,2019,4,1001452,3.428571428571429
1452,2019,4,1001453,8.571428571428571
1453,2019,4,1001454,11.11111111111111
1454,2019,4,1001455,3.076923076923077
1455,2019,4,1001456,4.166666666666666
1456,2019,4,1001457,2.0
1457,2019,4,1001458,4.97737556561086
1458,2019,4,1001459,3.6290322580645165
1459,2019,4,1001460,4.242424242424243
1460,2019,4,1001461,0.0
1461,2019,4,1001462,0.0
1462,2019,4,1001463,2.7777777777777777
1463,2019,4,1001464,3.0303030303030303
1464,2019,4,1001465,0.0
1465,2019,4,1001466,2.7522935779816518
1466,2019,4,1001467,4.25531914893617
1467,2019,4,1001468,0.0
1468,2019,4,1001469,0.0
1469,2019,4,1001470,4.081632653061225
1470,2019,4,1001471,4.0
1471,2019,4,1001472,5.555555555555555
1472,2019,4,1001473,0.0
1473,2019,4,1001474,5.982905982905983
1474,2019,4,1001475,4.477611940298507
1475,2019,4,1001476,3.488372093023256
1476,2019,4,1001477,1.7937219730941705
1477,2019,4,1001478,2.393617021276596
1478,2019,4,1001479,3.5502958579881656
1479,2019,4,1001480,2.1406727828746175
1480,2019,4,1001481,4.166666666666666
1481,2019,4,1001482,4.938271604938271
1482,2019,4,1001483,1.092896174863388
1483,2019,4,1001484,8.571428571428571
1484,2019,4,1001485,0.0
1485,2019,4,1001486,13.333333333333334
1486,2019,4,1001487,18.6046511627907
1487,2019,4,1001488,3.9603960396039604
1488,2019,4,1001489,3.8910505836575875
1489,2019,4,1001490,2.6923076923076925
1490,2019,4,1001491,2.519039250146456
1491,2019,4,1001492,2.298444130127298
1492,2019,4,1001493,2.397678680513134
1493,2019,4,1001494,2.0567892246086643
1494,2019,4,1001495,3.757632691404415
1495,2019,4,1001496,2.031063321385902
