,기준_년_코드,기준_분기_코드,서비스_업종_코드,점포_수,유사_업종_점포_수,개업_율,개업_점포_수,폐업_률,폐업_점포_수,프랜차이즈_점포_수,당월_매출_금액,당월_매출_건수,주중_매출_비율,주말_매출_비율,월요일_매출_비율,화요일_매출_비율,수요일_매출_비율,목요일_매출_비율,금요일_매출_비율,토요일_매출_비율,일요일_매출_비율,시간대_00~06_매출_비율,시간대_06~11_매출_비율,시간대_11~14_매출_비율,시간대_14~17_매출_비율,시간대_17~21_매출_비율,시간대_21~24_매출_비율,남성_매출_비율,여성_매출_비율,연령대_10_매출_비율,연령대_20_매출_비율,연령대_30_매출_비율,연령대_40_매출_비율,연령대_50_매출_비율,연령대_60_이상_매출_비율,주중_매출_금액,주말_매출_금액,월요일_매출_금액,화요일_매출_금액,수요일_매출_금액,목요일_매출_금액,금요일_매출_금액,토요일_매출_금액,일요일_매출_금액,시간대_00~06_매출_금액,시간대_06~11_매출_금액,시간대_11~14_매출_금액,시간대_14~17_매출_금액,시간대_17~21_매출_금액,시간대_21~24_매출_금액,남성_매출_금액,여성_매출_금액,연령대_10_매출_금액,연령대_20_매출_금액,연령대_30_매출_금액,연령대_40_매출_금액,연령대_50_매출_금액,연령대_60_이상_매출_금액,주중_매출_건수,주말_매출_건수,월요일_매출_건수,화요일_매출_건수,수요일_매출_건수,목요일_매출_건수,금요일_매출_건수,토요일_매출_건수,일요일_매출_건수,시간대_건수~06_매출_건수,시간대_건수~11_매출_건수,시간대_건수~14_매출_건수,시간대_건수~17_매출_건수,시간대_건수~21_매출_건수,시간대_건수~24_매출_건수,남성_매출_건수,여성_매출_건수,연령대_10_매출_건수,연령대_20_매출_건수,연령대_30_매출_건수,연령대_40_매출_건수,연령대_50_매출_건수,연령대_60_이상_매출_건수
0,2015,1,CS100001,0.9444444444444446,0.8461538461538449,0.2857142857142857,0.25,3,0.46153846153846156,0.666666666666667,0.7240086880776628,0.686991605970978,0.0,1.0,0.3333333333333339,0.3333333333333339,0.0,0.0,0.0,0.8000000000000003,1.0,1.0,0.0,0.0,1.0,1.0,1.0,0.40000000000000036,0.5999999999999996,0.5,1.0,0.6666666666666661,0.33333333333333304,0.0,0.0,0.7256001049751678,0.7055686249571786,0.6720601790482679,0.7970201387342346,0.6523882211693182,0.670475116856107,0.7325801185743226,0.6735474298075326,0.6875390490284672,0.5099719212229303,0.47117315858898784,0.6003536799292986,0.707934762904737,0.7256303290690431,0.7394133053915035,0.7091205394007175,0.6920618230346155,0.7071416964834836,0.7632011191691317,0.7987065972542123,0.7618856887680299,0.4696281206637124,0.25129750545030083,0.6540985195658641,0.7537264848295785,0.5608142867641654,0.7108087422399862,0.564109264485558,0.6412828089692334,0.736125853519431,0.7519206751693601,0.7262696578546869,0.47775564409030535,0.41535044422507406,0.4453836572177381,0.7142784064168934,0.8196556168737721,0.7590074841259675,0.6552426595700837,0.6696973796088738,0.684009867683337,0.7639365145197486,0.7806342179342204,0.6813450760608487,0.4533694465780006,0.20559242316861026
1,2015,2,CS100001,0.6666666666666679,0.615384615384615,0.14285714285714285,0.1875,5,0.8461538461538463,0.5555555555555558,0.6810516405685041,0.6944362969547295,0.25,0.75,0.0,0.3333333333333339,0.5,0.0,0.0,0.6000000000000001,0.75,1.0,0.0,0.16666666666666696,0.75,0.7777777777777777,0.75,0.1999999999999993,0.7999999999999989,0.5,0.8333333333333339,1.0,0.6666666666666661,0.0,0.0,0.6960605270142722,0.6342429752859897,0.6215872002547602,0.6853412164133399,0.7362328223354921,0.6611081125260809,0.6777418749351181,0.5815350405920383,0.6466417267229785,0.5363571066785073,0.35825542667968974,0.6939636493765013,0.6272168348232912,0.6405103601784448,0.6669660733164278,0.6580476449503009,0.6841077880366232,0.7000256046110689,0.7254376045215953,0.8191002303962652,0.6699487835985134,0.4458137331199069,0.24760335076556994,0.6870063408976198,0.70951050468608,0.5680605570662158,0.6664512288459903,0.7231281140029965,0.691169824439423,0.7355238351737141,0.692073824572027,0.7012428837156869,0.4553452855245683,0.3858177031918394,0.5696573473399238,0.671921998731354,0.7682484263743414,0.7391535069260187,0.6508504713065287,0.7129647522609569,0.7111459968602826,0.7688319767743274,0.8533671775377137,0.6785595142780892,0.45755346242470785,0.2290445203272985
2,2015,3,CS100001,0.5555555555555554,0.5,0.2857142857142857,0.1875,4,0.6153846153846154,0.44444444444444464,0.6886020984164154,0.7498001688209623,0.25,0.75,0.0,0.0,1.0,0.0,0.0,0.6000000000000001,0.75,1.0,0.0,0.11111111111111116,0.75,0.8888888888888888,0.75,0.1999999999999993,0.7999999999999989,1.0,1.0,0.6666666666666661,0.6666666666666661,0.0,0.0,0.7193525340522394,0.6073128540150536,0.6270947010780707,0.6777348926725162,0.8129261716265741,0.7134711129098794,0.6659294018438098,0.5613236019963836,0.6138275718098132,0.46615544165656675,0.3120984304482261,0.7409532861783166,0.6589151421088533,0.6633076554268718,0.5988118918216072,0.7035751566399727,0.7529141454672957,0.7889892549437143,0.8160343354428059,0.8124273794432254,0.7685634977612379,0.4681273607655271,0.29799054824873605,0.7719449541897724,0.7048718957262406,0.6193870801793195,0.7294497831448252,0.9120588132817672,0.7871371458369546,0.7648167804692576,0.6964134781566564,0.6867566653514457,0.5139442231075697,0.38910825929582105,0.6173075953832972,0.7238137136543146,0.8481748445145225,0.7367746893813245,0.7344492396097663,0.7883541392904073,0.804440457501682,0.8691185946098073,0.8829126867646705,0.7991393114491593,0.5281562032582771,0.26828168288125764
3,2015,4,CS100001,0.6666666666666679,0.6538461538461533,0.5714285714285714,0.5,3,0.46153846153846156,0.666666666666667,0.8727766371116883,0.8134931385697683,0.125,0.875,0.0,0.3333333333333339,0.0,0.5,0.0,0.6000000000000001,1.0,1.0,0.0,0.0555555555555558,0.75,0.8888888888888888,1.0,0.1999999999999993,0.7999999999999989,1.0,0.8333333333333339,0.33333333333333215,0.6666666666666661,0.0,0.0,0.9096332302703906,0.7743648230398168,0.7388779455067374,0.9055324167487788,0.8664217205817817,0.9907295564721839,0.9123176659255541,0.7356655483683721,0.7588290427335731,0.881411747932891,0.34125273284965535,0.8007049223922202,0.7759542410827491,0.8533831043337685,0.8793312261774611,0.8948923248696078,0.8420119265754179,1.0,0.8901294369200701,0.9338057366551838,0.9386163560736893,0.6567942362090636,0.4470417758892046,0.8237818757959549,0.7926189152165363,0.615462629528919,0.7965643337018453,0.7962440333089439,0.9809490700504085,0.8808954230763137,0.7696451323972802,0.7872865114706048,0.7919986719787515,0.31186245475485364,0.655460914268434,0.7641955351844654,0.9063145249089612,0.9046277150542554,0.8207327771464906,0.8052436809152045,0.989758540778949,0.88611569880687,0.9069244279768062,0.8837570056044836,0.6204268908921858,0.30580074307926897
4,2016,1,CS100001,1.0,1.0,1.0,1.0,4,0.6923076923076923,1.0,0.9310188063896927,0.9277876169600137,0.125,0.875,0.0,0.3333333333333339,0.5,0.5,0.0,0.8000000000000003,0.75,1.0,0.0,0.11111111111111116,1.0,0.7777777777777777,1.0,0.40000000000000036,0.5999999999999996,0.5,0.666666666666667,0.6666666666666661,0.6666666666666661,0.33333333333333304,0.0,0.9590811465243357,0.8505786236887594,0.8107207053308632,0.9693393099521126,0.979772269881811,0.9570467041526127,0.9423050015019514,0.8240711719784377,0.8143817574384087,0.7671411959829711,0.35711470531796047,0.8980838066857026,0.9160964650960901,0.8843666890749209,0.8948940804758077,0.9596991859482032,0.9195967069887309,0.9335906214142096,1.0,1.0,1.0,0.7075046997785442,0.47167045879070923,0.9380383662745807,0.9069904650815824,0.6965679429705298,0.9386512458542393,1.0,1.0,1.0,0.9058143788870807,0.8728369314018375,0.7372177954847277,0.2913787430075683,0.7765665613052337,0.913783225225594,1.0,1.0,0.907964226627494,0.9023682074669553,0.9159751812813038,1.0,0.9999999999999999,0.9803509474246063,0.6966285321583053,0.3755556987307519
5,2016,2,CS100001,0.9444444444444446,0.884615384615385,0.42857142857142855,0.375,5,0.8461538461538463,0.7777777777777777,0.8529155219247762,0.864289440629429,0.25,0.75,0.3333333333333339,0.3333333333333339,0.5,0.0,0.0,0.6000000000000001,0.75,1.0,0.0,0.22222222222222232,0.75,0.6666666666666665,1.0,0.1999999999999993,0.7999999999999989,0.5,0.5,0.33333333333333215,0.6666666666666661,0.33333333333333304,0.3333333333333335,0.8846266435344025,0.7661340717892413,0.7758363721845567,0.9145198670283377,0.8969350244017762,0.8848028677255502,0.8286412306837088,0.7131835932379496,0.7682954806042792,0.7106996339293846,0.4393747655682491,0.9155596544715892,0.7776178187624763,0.7967173398628105,0.788306036315541,0.8110414147521222,0.8470768796922207,0.795003308568413,0.8495078831916243,0.8984693246694005,0.8598476861109698,0.6363031460608338,0.49581518072576247,0.887037092746909,0.8181380460876996,0.7212317189681783,0.8704481673611701,0.9365353123584544,0.9231705197288372,0.9229574943362748,0.7986602581084661,0.8079025985006482,0.747675962815405,0.31087528792365915,0.8076925846191505,0.7971087147797262,0.8932187058102139,0.9174184340061118,0.8042179137694513,0.878956674654093,0.9234506989609031,0.892833072883879,0.9336910232658854,0.9282425940752602,0.6596798318308607,0.426261194510663
6,2016,3,CS100001,0.7222222222222232,0.5769230769230766,0.2857142857142857,0.1875,6,1.0,0.3333333333333335,0.8256575988107475,0.8080411618643746,0.375,0.625,0.3333333333333339,0.3333333333333339,0.5,0.0,1.0,0.40000000000000036,0.75,1.0,0.0,0.2777777777777777,0.75,0.6666666666666665,0.75,0.1999999999999993,0.7999999999999989,0.5,0.666666666666667,0.33333333333333215,0.6666666666666661,0.33333333333333304,0.3333333333333335,0.8640691239307149,0.7248295117651395,0.7548714754369819,0.858867498189277,0.8263002458636617,0.7984186579792651,0.950791329196012,0.6580434405407343,0.7468310644472576,0.5900043598333049,0.489543165642258,0.8880564870705696,0.7642136422868946,0.8002727571770021,0.7092779939154816,0.7864476526366792,0.801092405562219,0.7468431639901598,0.8257915256224972,0.8380693843993777,0.8407740564934731,0.6107335115564011,0.4593533968222905,0.8365539210279139,0.7501932753733266,0.6740207246270302,0.8284037758312781,0.8234207867321696,0.8173648531201113,0.9730359151470984,0.7148822364354288,0.7603009976889691,0.5883134130146082,0.3229680816057914,0.7607263458783038,0.7693417364080948,0.838288846341555,0.802265366246409,0.7494392011633998,0.8107946200819355,0.8403229423637587,0.8538915592158375,0.8236051295623511,0.8460935414998666,0.625136435299349,0.3990937010072375
7,2016,4,CS100001,0.8888888888888893,0.73076923076923,0.42857142857142855,0.375,2,0.3076923076923077,0.44444444444444464,1.0,0.9107443123680385,0.0,1.0,0.0,0.3333333333333339,0.5,0.0,0.0,1.0,0.75,1.0,0.0,0.16666666666666696,0.75,0.7777777777777777,1.0,0.1999999999999993,0.7999999999999989,1.0,0.8333333333333339,0.33333333333333215,0.33333333333333304,0.0,0.3333333333333335,0.9999999999999999,0.9793234840798346,0.8554634243800416,1.0,1.0,1.0,1.0,1.0,0.87643232972511,1.0,0.5421332138986161,0.9252818513666121,0.8129878809205808,1.0,1.0,0.9999999999999999,0.8887130692404638,0.9803588148796225,0.9319531855216612,0.9926966816271471,0.9937747422010756,0.7746178630486232,0.6003912575020058,0.8913156109088843,0.9501620800499125,0.7209671492614096,0.9135980950761118,0.9252465070903454,0.9056666087258821,0.9295480109630709,1.0,0.8573361140860155,1.0,0.44381375452451466,0.8365289767940844,0.816660187022979,0.9407528375317542,0.9924243810499735,0.9000100090081072,0.876072505217593,1.0000000000000002,0.9354998777985973,0.9540095758246517,0.9681745396317053,0.7106156769212112,0.4750982539784808
8,2017,1,CS100001,0.8333333333333339,0.6923076923076916,0.14285714285714285,0.125,2,0.38461538461538464,0.44444444444444464,0.8051695107675532,0.7666755480524017,0.375,0.625,0.3333333333333339,0.666666666666667,0.5,0.5,0.0,0.40000000000000036,0.75,1.0,0.0,0.22222222222222232,0.5,0.6666666666666665,1.0,0.5999999999999996,0.5999999999999996,0.5,0.666666666666667,0.6666666666666661,0.6666666666666661,0.0,0.3333333333333335,0.8467156449099172,0.6979300282497409,0.7813794659302278,0.891697550501801,0.8296051854000888,0.838848007569508,0.7757903241050372,0.6190212985537209,0.7365737703644686,0.7599814870209362,0.4506160183075402,0.7636148013991912,0.7178684689722108,0.7772122153816172,0.8036918050169373,0.8287169860953315,0.7458552398901378,0.7377427824322942,0.7686346051580479,0.8523629157065261,0.8484466467472085,0.5836805919489679,0.5346063517049482,0.7978467020312935,0.7034341982123723,0.6505622106268834,0.8712305468152053,0.818194487996934,0.8258126195028682,0.7720251580298159,0.6502668130038225,0.7353164985062849,0.7460159362549801,0.34402764067127345,0.7155961321073965,0.7135110801907063,0.7915743764938494,0.7932990539625611,0.7744617214316413,0.7321055886217825,0.7574194512970023,0.7828369981410576,0.8160864230204748,0.8159527622097679,0.5888143267170635,0.46088095698301224
9,2017,2,CS100001,0.6666666666666679,0.615384615384615,0.2857142857142857,0.25,4,0.6153846153846154,0.5555555555555558,0.7536984715829496,0.7745837130312319,0.375,0.625,0.3333333333333339,0.3333333333333339,0.5,0.5,0.0,0.6000000000000001,0.75,1.0,0.0,0.38888888888888884,0.5,0.5555555555555554,0.75,0.40000000000000036,0.5999999999999996,0.5,0.5,0.6666666666666661,0.6666666666666661,0.33333333333333304,0.666666666666667,0.7663874861186685,0.7104462056978351,0.6888844087275379,0.6990645610639885,0.7616372003383065,0.801675558364221,0.7655039875379084,0.6611015615221436,0.7127410271788579,0.7130015772085105,0.5161447184438841,0.7983303924718728,0.6802170375824672,0.7087585900719426,0.6905964660172486,0.7222351002719046,0.731768020656283,0.6426084016218285,0.7066170758374166,0.7893258740521757,0.7397585377057243,0.562400141340932,0.5507947245861613,0.7819827589088443,0.7595722171737037,0.6344675534651283,0.7363721404881367,0.7954949304902269,0.8653050582304885,0.8244482818713266,0.7388890991434232,0.7529733385942167,0.6736387782204514,0.3636064494899638,0.769388063677666,0.7326226187309448,0.7750872846041221,0.738879027978554,0.749174256831148,0.7729574089819896,0.738581146744412,0.7909837583226563,0.8459928301614416,0.7895316253002401,0.5993248979261835,0.5017717930545712
10,2017,3,CS100001,0.7777777777777786,0.6923076923076916,0.42857142857142855,0.4375,3,0.5384615384615385,0.5555555555555558,0.7807955085789775,0.7889536458834776,0.375,0.625,0.0,0.3333333333333339,0.5,0.5,0.0,0.6000000000000001,0.5,1.0,0.0,0.38888888888888884,0.25,0.5555555555555554,0.75,0.40000000000000036,0.5999999999999996,0.5,0.5,0.33333333333333215,0.6666666666666661,0.33333333333333304,0.666666666666667,0.7989844556762599,0.7249903625532397,0.7117362962181981,0.7759382844724938,0.8493188989466185,0.783594038752442,0.7617593181658671,0.7399357102298092,0.6492524850863479,0.6549476537430211,0.42630769624528936,0.8865382631675034,0.6669875482354819,0.7451386045866204,0.6763762845179113,0.7316402408420627,0.7617731238069135,0.700639449904364,0.7599834067404465,0.7679080516368989,0.787923447973236,0.5687345229109034,0.5268342385054177,0.807874478973423,0.7505662629358868,0.634923201293452,0.7951866655327833,0.8774607156545068,0.8476447071093344,0.8334468718809906,0.8010319292535544,0.6648441463277155,0.703187250996016,0.34435669628167165,0.823518399850238,0.7023081172883716,0.7930823040632704,0.7213672711303043,0.7567693276890376,0.7826486047769962,0.7419451297002317,0.8133280996570956,0.8129706710295214,0.8258773685615158,0.6268342968023609,0.4898095054012843
11,2017,4,CS100001,0.7777777777777786,0.6923076923076916,0.42857142857142855,0.375,4,0.6153846153846154,0.5555555555555558,0.854248698900423,0.7326762600559302,0.125,0.875,0.3333333333333339,0.3333333333333339,0.5,0.5,0.0,0.6000000000000001,1.0,1.0,0.0,0.22222222222222232,0.75,0.7777777777777777,0.75,0.40000000000000036,0.5999999999999996,0.5,0.666666666666667,0.0,0.33333333333333304,0.33333333333333304,0.666666666666667,0.8544331128549264,0.8361836972866301,0.715008457751362,0.8118901565955743,0.8267434915457179,0.8893194008906258,0.8992311461892615,0.7327623965951009,0.8931020161391381,0.9617617141253557,0.5141101852687462,0.6957409940836099,0.7517975639980139,0.8935869462666248,0.8285573450702104,0.8374853906884326,0.7599158796299273,0.8773796939760428,0.8162573041560184,0.7431270885146665,0.8045953565550807,0.704516601435934,0.6155307323704353,0.7175944031634295,0.7632749664311193,0.6093481296391563,0.6855174759758482,0.7048012264381033,0.7572744654962628,0.7746550276453161,0.6891344661847634,0.8162448565469816,0.8784860557768923,0.34114840408028957,0.6363878548748263,0.7106668576456385,0.7779654866038468,0.7476623542974254,0.7278786201699176,0.7032397387338641,0.8442849667339464,0.7626848759100303,0.6812790222072517,0.7461802775553777,0.6269959978978857,0.4863947769688379
12,2018,1,CS100001,0.6111111111111107,0.615384615384615,0.14285714285714285,0.0625,2,0.38461538461538464,0.666666666666667,0.6874828240551847,0.6046880282651967,0.375,0.625,0.3333333333333339,0.666666666666667,1.0,0.0,0.0,0.6000000000000001,0.5,1.0,0.0,0.2777777777777777,0.75,0.6666666666666665,0.75,0.1999999999999993,0.7999999999999989,0.5,0.5,0.0,0.33333333333333304,0.6666666666666661,1.0,0.7025212084554414,0.6404768639890236,0.6227379864981977,0.7515009553894549,0.7784758240575582,0.6012645715218701,0.6659514611546027,0.6571300398779143,0.5694426724863781,0.7147845307804351,0.3915976471893216,0.6048388586026359,0.6382670808610829,0.6694935134326128,0.7034306466024949,0.6836206395910068,0.6397685500183968,0.6021949507651088,0.678491157919191,0.6375717373032993,0.6050715844394681,0.587697628770116,0.5791011542413831,0.6097256065969402,0.5944675772084254,0.5062100389505402,0.6609745726677438,0.679314309605937,0.5499391621762558,0.6095752602145088,0.627105173523067,0.5347641057437574,0.7096613545816732,0.2675222112537019,0.5271263689186172,0.6173804505739602,0.6277233422182178,0.620560303024758,0.5801986493726706,0.5867763005333541,0.5756896165059431,0.6253082808114173,0.5520294492697831,0.5198325326928209,0.5456199215749687,0.5140991774584971
13,2018,2,CS100001,0.5,0.38461538461538414,0.2857142857142857,0.1875,6,0.8461538461538463,0.22222222222222232,0.6984580523437678,0.6363027761420603,0.375,0.625,0.3333333333333339,0.3333333333333339,0.5,0.5,1.0,0.40000000000000036,0.75,1.0,0.0,0.3333333333333335,0.5,0.4444444444444442,0.75,0.0,1.0,0.5,0.3333333333333339,0.33333333333333215,0.33333333333333304,0.6666666666666661,1.0,0.7050688922706617,0.6696014309866887,0.6134304752270954,0.676783023925899,0.6913250695110529,0.6989558211821141,0.7388484288517905,0.6278133396961896,0.6661210211628363,0.6811887096557093,0.5177046390437596,0.728869397529424,0.6223789348963691,0.6395689273935248,0.6867577698014993,0.6447477449377909,0.665053321605534,0.4871935860968822,0.627679255628117,0.6141429692961399,0.6305694927412302,0.6085951838631317,0.6540320921610998,0.6455548536111696,0.6175317717587381,0.533622400235173,0.607534654307339,0.6319640430647017,0.6767251868590302,0.727127263509767,0.5962482180928232,0.6171579956034046,0.7013612217795484,0.3689536031589339,0.6387782873847083,0.6255959567023388,0.5964135100299084,0.6504053139124228,0.5871284155740165,0.6317152353714154,0.47888166255513204,0.6092295386711893,0.6032047734764093,0.6067520683213238,0.5767675951004568,0.5771750102012329
14,2018,3,CS100001,0.5,0.38461538461538414,0.14285714285714285,0.125,2,0.3076923076923077,0.22222222222222232,0.6608681807950965,0.6337234426042313,0.25,0.75,0.3333333333333339,0.3333333333333339,0.5,0.5,0.0,0.6000000000000001,0.75,1.0,0.0,0.2777777777777777,0.5,0.6666666666666665,0.5,0.1999999999999993,0.7999999999999989,0.5,0.5,0.33333333333333215,0.33333333333333304,0.33333333333333304,1.0,0.656213587587751,0.657353073946644,0.5623823187323351,0.7124976974979107,0.6255341798164515,0.6437676959058509,0.644899113719662,0.5924614171911857,0.6824753375180701,0.569106346407676,0.5587069280874988,0.6718148940952633,0.6530984604924475,0.6505657436238805,0.5458481973277562,0.6406137766338927,0.6526558862165354,0.5097642476588913,0.6619834549575683,0.6189115920250515,0.5996122005870197,0.5659345458823078,0.5929765928372792,0.6338524379197042,0.6334617314760813,0.49361358124494736,0.662046092354792,0.6442110031009373,0.6586650443247003,0.6693335023209392,0.5983171227087513,0.6479482554534693,0.6668326693227091,0.553389272787101,0.6010425741790086,0.62815371078963,0.6392799489431993,0.5580705959852879,0.6101726848281098,0.6201447398933292,0.45047469537265455,0.635039956155618,0.6158602603276954,0.5958933813717641,0.5489550066701702,0.5640959560165798
15,2018,4,CS100001,0.44444444444444464,0.38461538461538414,0.14285714285714285,0.125,2,0.3076923076923077,0.3333333333333335,0.9928242552173396,1.0,0.375,0.625,0.666666666666667,0.3333333333333339,0.5,0.0,0.0,0.6000000000000001,0.75,1.0,1.0,0.22222222222222232,0.75,0.6666666666666665,0.5,0.1999999999999993,1.0,0.5,0.5,0.33333333333333215,0.0,0.6666666666666661,1.0,0.9801189674191836,1.0,1.0,0.9758680740237129,0.8920149681692202,0.9327914520902598,0.9563311074971079,0.9332455830164603,0.9999999999999998,0.8140085265109459,1.0,0.9999999999999998,0.9999999999999998,0.9906278128657666,0.7668472957107801,0.9926506348356289,1.0,0.923822466220805,0.9768044416235575,0.9176960675269684,0.8609213054871399,1.0,1.0,1.0,0.9999999999999999,1.0,1.0,0.9399149855405734,0.9612549973926648,0.9994296668303735,0.9649926200658518,0.9999999999999999,0.8233731739707835,1.0,0.9999999999999998,1.0,0.9904894194791707,0.7288147999048473,0.9999999999999999,1.0,0.9223293713089632,0.9453352391814728,0.9957173447537472,0.9701761409127302,1.0,1.0
16,2019,1,CS100001,0.3333333333333339,0.3076923076923075,0.2857142857142857,0.1875,4,0.5384615384615385,0.3333333333333335,0.6860779340655545,0.7520503686521414,0.25,0.75,0.0,0.3333333333333339,0.5,0.5,1.0,0.6000000000000001,0.75,1.0,0.0,0.3333333333333335,0.75,0.6666666666666665,0.25,0.1999999999999993,0.7999999999999989,0.0,0.16666666666666696,0.6666666666666661,0.6666666666666661,0.6666666666666661,1.0,0.6458861017373615,0.7595305587435695,0.4641645935868588,0.5912898385200669,0.6686440703237044,0.7032407661159581,0.7026495645895787,0.7158989668555371,0.7510764194249844,0.4913640399133138,0.7055150715580878,0.7631421294878586,0.7556544021559763,0.6675381557286819,0.45960633448023663,0.8086415630629288,0.8278785571230188,0.3735491750033297,0.6375740588702019,0.8399710211401573,0.8807196504624315,0.7918970853219877,0.8883370101823556,0.7161136347683082,0.8249603276865277,0.5074740942162124,0.671400629305213,0.7389812201665448,0.8297583869285591,0.7934443370669033,0.7889591139032914,0.832915280987543,0.7373837981407703,0.6100691016781836,0.7742121292849582,0.78861697120992,0.7435209170201851,0.4727808377097477,0.8185720089256802,0.8382932673726521,0.32742767436644993,0.6329514230908809,0.9024492938430816,0.9609687750200161,0.9044750778186522,0.9760324721345274
17,2019,2,CS100001,0.2222222222222232,0.23076923076922995,0.2857142857142857,0.1875,4,0.5384615384615385,0.3333333333333335,0.661846330394023,0.7450400446009757,0.375,0.625,0.3333333333333339,0.3333333333333339,0.5,0.5,0.0,0.40000000000000036,0.75,1.0,0.0,0.5,0.5,0.4444444444444442,0.25,0.1999999999999993,1.0,0.0,0.0,1.0,1.0,0.6666666666666661,1.0,0.6150415142472149,0.7502195972871466,0.5556630150827742,0.6417419405163582,0.6013152993572652,0.6263350843936746,0.5650635331579525,0.686067823249995,0.7670447107911809,0.4592095962762066,0.7742840804047468,0.8564365669331047,0.6992338974710102,0.5970130201278157,0.42354961718893575,0.7545536844083686,0.8175853695251273,0.3890697099878529,0.5774823408632539,0.8519560190188488,0.8340774069636594,0.7433978777469868,0.8891142275379347,0.7161971995761592,0.8035576231876195,0.5973836995663997,0.7385321881112339,0.7405839517786837,0.731062054580219,0.7228972925017032,0.7737198652688946,0.8054647426864324,0.6726427622841964,0.6456071076011846,0.857877267130833,0.7300034785455587,0.7004792832025628,0.4327984043623854,0.8011681101226397,0.8554436886449718,0.380578605068401,0.6115254438132763,0.9430021894473449,1.0,0.8594615353519021,0.9605910272104462
18,2019,3,CS100001,0.11111111111111249,0.19230769230769162,0.14285714285714285,0.125,3,0.38461538461538464,0.44444444444444464,0.6455303517090583,0.7144485219209766,0.375,0.625,1.0,0.3333333333333339,0.5,0.0,0.0,0.40000000000000036,0.75,1.0,0.0,0.44444444444444464,0.75,0.5555555555555554,0.25,0.1999999999999993,0.7999999999999989,0.0,0.3333333333333339,0.6666666666666661,0.6666666666666661,0.6666666666666661,0.666666666666667,0.6136580943291877,0.7016805185726913,0.684281197509466,0.6206844725381317,0.5657398937750251,0.5277603238693787,0.5822262358964592,0.6450498624064247,0.713386918589852,0.395635113465585,0.7364411514010036,0.8258749736869657,0.6898819317519813,0.6212908562368546,0.354334749303522,0.7417693783873712,0.7977053330859708,0.3757052914243169,0.637416011549,0.7755836050860075,0.8210723248044187,0.7207217636185893,0.8132330553321794,0.6975087659483435,0.7488166121878771,0.7077386639229808,0.6999574793774981,0.7108637329709767,0.6385190335477143,0.6626796153419623,0.7050297089656739,0.7684459726058283,0.46862549800796804,0.6625534715366898,0.7939907982748566,0.710697550694686,0.6988837581809764,0.40306318505370636,0.7779707619210229,0.8052243564968694,0.3511250654107797,0.6070595380046363,0.861270841854534,0.9556144915932746,0.8389861341310588,0.8989111526319181
19,2019,4,CS100001,0.0,0.0,0.2857142857142857,0.25,4,0.5384615384615385,0.11111111111111116,0.8082722028312614,0.7579904484054927,0.25,0.75,0.3333333333333339,1.0,0.5,0.0,0.0,0.6000000000000001,0.75,1.0,0.0,0.3333333333333335,0.75,0.6666666666666665,0.5,0.1999999999999993,0.7999999999999989,0.5,0.5,0.6666666666666661,0.6666666666666661,0.33333333333333304,0.666666666666667,0.8191496662947563,0.767841631041305,0.7090198325102437,0.9524284014286595,0.7515862043397725,0.8047034218937479,0.7678638633063115,0.7502297242163365,0.7276122704940817,0.6488786138416853,0.5804077259987568,0.9004569206179889,0.7362397813029649,0.8073352969944985,0.6127989587436526,0.8746130601723211,0.8940145543020609,0.6812646582207047,0.7603410884574879,0.8723526087888446,0.9345134970418452,0.7930184805379182,0.9100169716584878,0.7658112972935031,0.7421231808379335,0.596251929154112,0.9043966323666979,0.7486324518309467,0.770537111072484,0.7614739943917239,0.7614073597497131,0.6915619187193506,0.8044488711819389,0.43821980914774594,0.8440890796114828,0.7301262507417488,0.7247750622567606,0.53400794159088,0.8195552467809263,0.8330225322717787,0.5318083277266951,0.7015471438199418,0.9047349806318118,0.955164131305044,0.7913045235881474,0.8220260722032516
20,2020,2,CS100001,0.05555555555555536,0.0,0.42857142857142855,0.375,6,0.8461538461538463,0.0,0.0,0.0,1.0,0.0,0.666666666666667,0.666666666666667,1.0,1.0,1.0,0.0,0.0,0.0,0.0,1.0,0.0,0.0,0.0,1.0,0.0,0.0,0.0,1.0,1.0,1.0,0.3333333333333335,0.0,0.0,0.0,0.0,0.0,0.0,0.0,0.0,0.0,0.0,0.0,0.038567905767898036,0.0,0.0,0.0,0.0,0.0,0.01032482823591599,0.0,0.0,0.0,0.0,0.0,0.0,0.0,0.0,0.0,0.0,0.0,0.0,0.0,0.0,0.0,0.0,0.037793313989070265,0.0,0.0,0.0,0.0,0.0,0.007176496972415333,0.0,0.0,0.0,0.0,0.0
21,2020,1,CS100001,0.0,0.038461538461538325,0.0,0.0,0,0.0,0.22222222222222232,0.09929272409067624,0.0561363285246973,0.75,0.25,0.666666666666667,1.0,1.0,1.0,0.0,0.20000000000000018,0.25,1.0,0.0,0.7222222222222223,0.5,0.11111111111111116,0.0,0.8000000000000007,0.1999999999999993,0.0,0.5,0.6666666666666661,0.6666666666666661,0.6666666666666661,0.3333333333333335,0.1044995760642411,0.0858861511582919,0.06599823570436014,0.1040195556064234,0.1768496259035468,0.09556493156254964,0.06985380458572288,0.07059123676756629,0.09731903650058643,0.2890679783922422,0.09148942719110498,0.0,0.1200615564355555,0.11081171897411696,0.15560223871944506,0.12916600178853188,0.07678005233598884,0.0,0.07806721994454724,0.10518469981938017,0.1223237183071555,0.10901312417687792,0.09439678706855437,0.053220754824196415,0.06205156722592192,0.045300213125597066,0.0632536780338464,0.08045015853106163,0.06391447940205108,0.013085977725321274,0.04802634068803696,0.07529169719857959,0.25730411686586985,0.07247449819019414,0.0,0.12335536412187192,0.06914567456295129,0.08750388845175577,0.0708814403551431,0.05285228414624721,0.0,0.08782207475763393,0.06368645189230804,0.022017614091273008,0.03749444152484127,0.05931748383909974
